# HOLES(7),# OF SHOTS,%(11),%(4),%(7),AVG DTP(5),AVG(1),AVG(10),AVG(12),AVG(13),AVG(14),AVG(2),AVG(3),AVG(6),AVG(8),AVG(9),FAIRWAYS HIT(11),GREENS HIT(7),MEASURED ROUNDS(1),MEASURED ROUNDS(12),MEASURED ROUNDS(2),MEASURED ROUNDS(3),MEASURED ROUNDS(6),MEASURED ROUNDS(8),MEASURED ROUNDS(9),MISSED GIR(4),MOVEMENT(1),MOVEMENT(10),MOVEMENT(11),MOVEMENT(12),MOVEMENT(13),MOVEMENT(14),MOVEMENT(2),MOVEMENT(3),MOVEMENT(4),MOVEMENT(5),MOVEMENT(6),MOVEMENT(7),MOVEMENT(8),MOVEMENT(9),PAR OR BETTER(4),PLAYER,PLAYER_ID,POSSIBLE FAIRWAYS(11),RANK(1),RANK(10),RANK(11),RANK(12),RANK(13),RANK(14),RANK(2),RANK(3),RANK(4),RANK(5),RANK(6),RANK(7),RANK(8),RANK(9),RELATIVE/PAR(7),SCRAMBLING RANK(5),SG:APR(8),SG:ARG(8),SG:OTT,TOTAL ADJUSTMENT(14),TOTAL DISTANCE (FEET)(5),TOTAL DISTANCE(10),TOTAL DRIVES(10),TOTAL ROUNDS(13),TOTAL ROUNDS(14),TOTAL SG:APP(6),TOTAL SG:ARG(3),TOTAL SG:OTT(9),TOTAL SG:P(12),TOTAL SG:PUTTING(1),TOTAL SG:PUTTING(2),TOTAL SG:T(12),TOTAL SG:T2G(12),TOTAL STROKES(13),TOTAL STROKES(14)
792.0,269.0,55.26%,59.57%,64.39%,"7' 4""",-0.252,302.4,-0.069,70.28,71.041,-0.252,0.049,0.035,0.183,0.098,336.0,510.0,39.0,39.0,39.0,39.0,39.0,39.0,39.0,282.0,-4.0,2.0,0.0,3.0,14.0,6.0,-4.0,10.0,6.0,2.0,-6.0,3.0,-1.0,-2.0,168.0,Charley Hoffman,12716,608.0,139.0,60.0,149.0,112.0,100.0,92.0,139.0,80.0,98.0,56.0,94.0,131.0,81.0,82.0,-0.3,98.0,0.035,0.049,0.098,35.907,1973.333,26615.0,88.0,47.0,47.0,1.374,1.927,3.833,-9.815,-9.815,-9.815,-2.682,7.132,3303.0,3303.0
864.0,303.0,56.97%,68.20%,62.15%,"6' 11""",0.61,282.1,-0.127,70.33,71.367,0.61,0.415,-0.372,-0.737,-0.781,376.0,537.0,43.0,43.0,43.0,43.0,43.0,43.0,43.0,327.0,-3.0,-1.0,0.0,-6.0,-3.0,-13.0,-3.0,-1.0,-3.0,-1.0,14.0,4.0,0.0,-1.0,223.0,Aaron Baddeley,22371,660.0,6.0,172.0,139.0,120.0,107.0,127.0,6.0,8.0,5.0,20.0,148.0,164.0,160.0,173.0,-0.29,5.0,-0.372,0.415,-0.781,52.735,2103.667,27077.0,96.0,51.0,51.0,-15.985,17.85,-33.563,26.22,26.22,26.22,-5.476,-31.698,3587.0,3587.0
918.0,333.0,62.15%,60.92%,62.09%,"7' 7""",0.02,297.8,-0.557,70.88,71.64,0.02,-0.021,-0.427,-0.578,-0.13,445.0,570.0,47.0,47.0,47.0,47.0,47.0,47.0,47.0,348.0,-18.0,-5.0,2.0,-4.0,-2.0,2.0,-18.0,-1.0,-15.0,-2.0,0.0,0.0,-1.0,-4.0,212.0,Justin Rose,22405,716.0,94.0,103.0,66.0,151.0,159.0,150.0,94.0,100.0,75.0,83.0,164.0,165.0,153.0,122.0,-0.3,75.0,-0.427,-0.021,-0.13,38.653,2515.417,30378.0,102.0,51.0,51.0,-20.068,-0.986,-6.089,0.949,0.949,0.949,-26.195,-27.144,3615.0,3615.0
810.0,307.0,64.70%,60.67%,59.51%,"7' 7""",0.452,286.3,-0.284,71.21,71.354,0.452,0.196,-0.562,-0.736,-0.37,405.0,482.0,44.0,44.0,44.0,44.0,44.0,44.0,44.0,328.0,0.0,-2.0,1.0,-5.0,-3.0,-2.0,0.0,0.0,3.0,-2.0,0.0,-3.0,-4.0,-3.0,199.0,Matt Kuchar,23108,626.0,23.0,167.0,38.0,134.0,168.0,125.0,23.0,47.0,78.0,83.0,168.0,177.0,159.0,156.0,-0.25,78.0,-0.562,0.196,-0.37,6.975,2332.25,25767.0,90.0,48.0,48.0,-24.736,8.646,-16.294,19.884,19.884,19.884,-12.5,-32.386,3418.0,3418.0
648.0,229.0,65.04%,61.02%,63.58%,"7' 6""",-0.304,299.0,-0.712,70.62,71.649,-0.304,-0.086,-0.475,-0.408,0.153,320.0,412.0,32.0,32.0,32.0,32.0,32.0,32.0,32.0,236.0,-1.0,-2.0,-4.0,0.0,-1.0,-2.0,-1.0,1.0,11.0,-5.0,-1.0,3.0,-2.0,-7.0,144.0,Ryan Palmer,23320,492.0,146.0,93.0,32.0,158.0,140.0,151.0,146.0,119.0,72.0,76.0,166.0,146.0,147.0,70.0,-0.24,72.0,-0.475,-0.086,0.153,40.311,1716.167,21528.0,72.0,39.0,39.0,-15.205,-2.737,4.895,-9.727,-9.727,-9.727,-22.77,-13.046,2754.0,2754.0
612.0,191.0,65.61%,61.81%,67.48%,"7' 7""",0.453,283.5,0.332,69.76,70.789,0.453,0.032,-0.018,-0.121,-0.136,311.0,413.0,32.0,32.0,32.0,32.0,32.0,32.0,32.0,199.0,0.0,-1.0,1.0,3.0,-8.0,0.0,0.0,-4.0,0.0,-2.0,-6.0,-4.0,1.0,0.0,123.0,Zach Johnson,24024,474.0,22.0,170.0,28.0,65.0,43.0,61.0,22.0,85.0,54.0,83.0,108.0,53.0,113.0,123.0,-0.25,54.0,-0.018,0.032,-0.136,38.998,1444.083,19276.0,68.0,38.0,38.0,-0.566,1.029,-4.35,14.503,14.503,14.503,10.618,-3.886,2651.0,2651.0
990.0,339.0,57.44%,60.54%,66.46%,"7' 11""",0.319,306.2,0.808,69.85,70.181,0.319,0.007,0.126,0.49,0.356,440.0,658.0,50.0,50.0,50.0,50.0,50.0,50.0,50.0,332.0,8.0,-4.0,0.0,13.0,27.0,11.0,8.0,1.0,-15.0,-25.0,6.0,28.0,10.0,11.0,201.0,Adam Scott,24502,766.0,40.0,38.0,129.0,26.0,52.0,13.0,40.0,92.0,81.0,129.0,78.0,80.0,47.0,31.0,-0.3,81.0,0.126,0.007,0.356,17.951,2681.0,33683.0,110.0,55.0,55.0,6.321,0.367,17.793,15.925,15.925,15.925,40.421,24.496,3842.0,3842.0
1062.0,385.0,60.95%,61.68%,62.90%,"7' 4""",0.061,290.7,0.234,70.47,71.223,0.061,0.093,0.291,0.173,-0.211,501.0,668.0,56.0,56.0,56.0,56.0,56.0,56.0,56.0,394.0,-11.0,-3.0,10.0,1.0,2.0,12.0,-11.0,9.0,9.0,-26.0,5.0,3.0,0.0,-7.0,243.0,Nick Taylor,25493,822.0,85.0,156.0,84.0,81.0,125.0,106.0,85.0,69.0,59.0,56.0,51.0,155.0,83.0,136.0,-0.28,59.0,0.291,0.093,-0.211,46.856,2816.583,34306.0,118.0,62.0,62.0,16.286,5.221,-11.841,3.423,3.423,3.423,13.1,9.677,4369.0,4369.0
1170.0,369.0,69.27%,58.10%,66.75%,"6' 10""",-0.346,287.5,0.296,70.32,70.909,-0.346,0.143,0.523,0.642,-0.024,629.0,781.0,60.0,60.0,60.0,60.0,60.0,60.0,60.0,389.0,1.0,-4.0,0.0,-9.0,-6.0,-7.0,1.0,-10.0,-3.0,-2.0,-1.0,-12.0,-11.0,-4.0,226.0,Lucas Glover,25900,908.0,149.0,166.0,9.0,73.0,105.0,81.0,149.0,56.0,118.0,13.0,15.0,71.0,33.0,106.0,-0.29,118.0,0.523,0.143,-0.024,38.107,2528.833,37369.0,130.0,65.0,65.0,31.351,8.589,-1.418,-20.754,-20.754,-20.754,17.769,38.521,4571.0,4571.0
792.0,246.0,66.45%,59.38%,67.68%,"7' 2""",-0.455,286.2,-0.245,70.38,71.358,-0.455,0.282,0.44,0.21,-0.512,404.0,536.0,39.0,39.0,39.0,39.0,39.0,39.0,39.0,256.0,4.0,-1.0,1.0,17.0,22.0,13.0,4.0,-6.0,-3.0,12.0,36.0,22.0,19.0,0.0,152.0,Chez Reavie,26476,608.0,161.0,168.0,21.0,131.0,114.0,126.0,161.0,26.0,103.0,40.0,21.0,49.0,73.0,163.0,-0.25,103.0,0.44,0.282,-0.512,47.186,1760.667,25183.0,88.0,48.0,48.0,17.152,10.994,-19.958,-17.758,-17.758,-17.758,-9.569,8.187,3378.0,3378.0
900.0,323.0,69.62%,63.32%,67.89%,"6' 8""",-0.533,288.1,0.129,70.49,71.326,-0.533,0.23,0.431,0.661,0.0,479.0,611.0,49.0,49.0,49.0,49.0,49.0,49.0,49.0,289.0,5.0,2.0,-1.0,16.0,12.0,12.0,5.0,-2.0,4.0,-3.0,-5.0,3.0,-1.0,1.0,183.0,Ryan Moore,26596,688.0,166.0,164.0,7.0,89.0,129.0,119.0,166.0,38.0,33.0,8.0,24.0,44.0,27.0,102.0,-0.24,33.0,0.431,0.23,0.0,44.295,2146.167,28805.0,100.0,53.0,53.0,21.143,11.25,0.004,-26.093,-26.093,-26.093,6.322,32.413,3736.0,3736.0
684.0,198.0,62.07%,56.45%,72.81%,"8' 5""",-0.636,310.9,0.288,69.49,70.619,-0.636,-0.18,0.41,0.924,0.694,324.0,498.0,33.0,33.0,33.0,33.0,33.0,33.0,33.0,186.0,-4.0,-1.0,3.0,0.0,-6.0,-2.0,-4.0,-1.0,-2.0,-2.0,2.0,0.0,-1.0,-3.0,105.0,Jhonattan Vegas,27064,522.0,173.0,11.0,70.0,74.0,18.0,46.0,173.0,139.0,145.0,157.0,26.0,2.0,15.0,8.0,-0.29,145.0,0.41,-0.18,0.694,46.39,1670.083,23632.0,76.0,41.0,41.0,13.537,-5.933,22.897,-20.997,-20.997,-20.997,9.505,30.501,2849.0,2849.0
954.0,291.0,55.93%,56.39%,66.35%,"7' 9""",-0.086,301.5,-0.362,70.68,71.539,-0.086,-0.361,0.018,-0.276,0.067,415.0,633.0,47.0,47.0,47.0,47.0,47.0,47.0,47.0,321.0,-6.0,-8.0,0.0,-3.0,-2.0,0.0,-6.0,0.0,-11.0,-5.0,-6.0,0.0,-3.0,3.0,181.0,Luke List,27129,742.0,114.0,70.0,145.0,140.0,149.0,146.0,114.0,162.0,146.0,109.0,100.0,83.0,135.0,88.0,-0.3,146.0,0.018,-0.361,0.067,45.573,2267.25,31956.0,106.0,53.0,53.0,0.863,-16.969,3.154,-4.042,-4.042,-4.042,-16.993,-12.953,3746.0,3746.0
864.0,265.0,54.68%,57.63%,69.68%,"7' 8""",-0.043,303.3,0.177,69.94,71.001,-0.043,-0.133,0.36,0.22,-0.006,362.0,602.0,43.0,43.0,43.0,43.0,43.0,43.0,43.0,262.0,-14.0,6.0,-2.0,-8.0,-9.0,-9.0,-14.0,-2.0,-3.0,-3.0,-10.0,-1.0,-1.0,4.0,151.0,David Skinns,27139,662.0,109.0,53.0,156.0,86.0,57.0,88.0,109.0,130.0,132.0,97.0,32.0,14.0,71.0,103.0,-0.28,132.0,0.36,-0.133,-0.006,54.073,2023.5,29118.0,96.0,51.0,51.0,15.459,-5.733,-0.263,-1.863,-1.863,-1.863,7.602,9.464,3567.0,3567.0
774.0,225.0,58.70%,56.11%,66.15%,"6' 11""",-0.281,294.3,-0.381,70.41,71.502,-0.281,-0.018,0.047,-0.1,-0.129,351.0,512.0,38.0,38.0,38.0,38.0,38.0,38.0,38.0,262.0,6.0,-1.0,-5.0,-12.0,-6.0,-11.0,6.0,0.0,-3.0,-1.0,-21.0,-16.0,-23.0,-5.0,147.0,Kevin Streelman,27214,598.0,142.0,130.0,117.0,142.0,116.0,140.0,142.0,99.0,154.0,20.0,92.0,91.0,111.0,121.0,-0.29,154.0,0.047,-0.018,-0.129,50.079,1564.25,25012.0,85.0,46.0,46.0,1.802,-0.684,-4.901,-10.688,-10.688,-10.688,-14.469,-3.782,3239.0,3239.0
1026.0,348.0,64.81%,68.65%,68.91%,"7' 0""",0.145,293.4,1.065,69.28,70.05,0.145,0.422,0.329,0.919,0.168,512.0,707.0,52.0,52.0,52.0,52.0,52.0,52.0,52.0,319.0,2.0,0.0,1.0,3.0,2.0,3.0,2.0,6.0,3.0,1.0,-4.0,7.0,0.0,5.0,219.0,Alex Noren,27349,790.0,69.0,135.0,36.0,13.0,8.0,9.0,69.0,6.0,3.0,24.0,43.0,26.0,16.0,62.0,-0.27,3.0,0.329,0.422,0.168,47.048,2447.583,33448.0,114.0,61.0,61.0,17.128,21.931,8.729,7.557,7.557,7.557,55.358,47.802,4226.0,4226.0
1206.0,416.0,65.92%,63.26%,65.92%,"7' 3""",0.357,291.6,0.946,69.81,70.323,0.357,0.19,0.35,0.588,0.048,617.0,795.0,64.0,64.0,64.0,64.0,64.0,64.0,64.0,411.0,-3.0,0.0,4.0,2.0,4.0,4.0,-3.0,0.0,3.0,-7.0,17.0,13.0,2.0,-4.0,260.0,Brian Harman,27644,936.0,30.0,148.0,26.0,19.0,48.0,22.0,30.0,49.0,36.0,47.0,37.0,98.0,39.0,90.0,-0.31,36.0,0.35,0.19,0.048,34.611,3015.75,39073.0,134.0,67.0,67.0,22.385,12.182,3.081,22.874,22.874,22.874,60.535,37.661,4677.0,4677.0
756.0,269.0,61.86%,55.24%,62.17%,"8' 10""",-0.206,281.9,-1.732,72.0,72.962,-0.206,-0.062,-0.904,-1.526,-0.56,360.0,470.0,39.0,39.0,39.0,39.0,39.0,39.0,39.0,286.0,3.0,-1.0,2.0,-1.0,-2.0,-1.0,3.0,17.0,5.0,2.0,0.0,7.0,0.0,-3.0,158.0,Brandt Snedeker,27649,582.0,133.0,173.0,73.0,174.0,176.0,174.0,133.0,112.0,159.0,168.0,175.0,163.0,173.0,165.0,-0.22,159.0,-0.904,-0.062,-0.56,43.302,2367.75,23677.0,84.0,45.0,45.0,-35.242,-2.428,-21.836,-8.032,-8.032,-8.032,-67.536,-59.507,3240.0,3240.0
666.0,189.0,53.55%,51.26%,64.26%,"7' 9""",-0.616,282.5,-2.146,71.95,73.114,-0.616,-0.099,-0.368,-1.531,-1.063,279.0,428.0,31.0,31.0,31.0,31.0,31.0,31.0,31.0,238.0,-4.0,-3.0,-3.0,-2.0,-1.0,-3.0,-4.0,0.0,-2.0,5.0,20.0,6.0,-2.0,-1.0,122.0,Camilo Villegas,27770,521.0,170.0,171.0,163.0,177.0,174.0,177.0,170.0,122.0,175.0,109.0,146.0,134.0,174.0,176.0,-0.24,175.0,-0.368,-0.099,-1.063,47.683,1470.5,20908.0,74.0,41.0,41.0,-11.42,-3.071,-32.963,-19.082,-19.082,-19.082,-66.534,-47.455,2950.0,2950.0
792.0,223.0,60.46%,64.59%,67.55%,"6' 7""",0.191,288.8,-0.08,70.13,71.144,0.191,0.398,-0.273,-0.271,-0.396,370.0,535.0,39.0,39.0,39.0,39.0,39.0,39.0,39.0,257.0,2.0,-3.0,1.0,-2.0,-9.0,-3.0,2.0,0.0,-3.0,0.0,1.0,-6.0,-6.0,0.0,166.0,Martin Laird,27936,612.0,56.0,161.0,95.0,114.0,81.0,100.0,56.0,10.0,22.0,5.0,131.0,52.0,134.0,157.0,-0.25,22.0,-0.273,0.398,-0.396,47.781,1473.5,25125.0,87.0,47.0,47.0,-10.649,15.526,-15.447,7.445,7.445,7.445,-3.109,-10.554,3296.0,3296.0
1026.0,360.0,60.75%,64.44%,63.55%,"7' 4""",0.614,301.4,0.592,69.8,70.836,0.614,0.223,-0.374,-0.022,0.128,486.0,652.0,51.0,51.0,51.0,51.0,51.0,51.0,51.0,374.0,2.0,-7.0,1.0,0.0,-7.0,-2.0,2.0,0.0,-2.0,2.0,3.0,-6.0,3.0,-1.0,241.0,Jason Day,28089,800.0,5.0,72.0,86.0,41.0,46.0,71.0,5.0,39.0,23.0,56.0,149.0,147.0,99.0,76.0,-0.34,23.0,-0.374,0.223,0.128,63.014,2639.167,34357.0,114.0,61.0,61.0,-19.092,11.389,6.541,31.33,31.33,31.33,30.182,-1.147,4258.0,4258.0
990.0,320.0,62.66%,65.45%,66.67%,"6' 10""",0.275,319.3,1.896,69.38,69.429,0.275,0.303,0.397,1.621,0.921,480.0,660.0,50.0,50.0,50.0,50.0,50.0,50.0,50.0,330.0,-12.0,-1.0,3.0,0.0,7.0,0.0,-12.0,18.0,0.0,1.0,-2.0,8.0,1.0,0.0,216.0,Rory McIlroy,28237,766.0,47.0,2.0,61.0,3.0,12.0,3.0,47.0,22.0,12.0,13.0,27.0,72.0,2.0,2.0,-0.34,12.0,0.397,0.303,0.921,2.586,2183.25,35127.0,110.0,55.0,55.0,19.846,15.135,46.059,13.73,13.73,13.73,94.782,81.055,3816.0,3816.0
1170.0,394.0,62.36%,63.04%,66.24%,"7' 5""",-0.127,296.9,-0.002,70.29,71.154,-0.127,0.018,0.187,0.125,-0.08,565.0,775.0,63.0,63.0,63.0,63.0,63.0,63.0,63.0,395.0,9.0,-2.0,-1.0,-7.0,2.0,1.0,9.0,-14.0,-8.0,-28.0,-13.0,-12.0,-13.0,5.0,249.0,Seamus Power,28252,906.0,117.0,114.0,63.0,107.0,102.0,102.0,117.0,89.0,41.0,68.0,66.0,86.0,86.0,116.0,-0.27,41.0,0.187,0.018,-0.08,55.981,2915.5,38599.0,130.0,65.0,65.0,11.757,1.163,-5.049,-7.998,-7.998,-7.998,-0.113,7.884,4569.0,4569.0
720.0,230.0,54.18%,55.39%,62.64%,"7' 10""",-0.327,305.3,-1.501,71.95,72.937,-0.327,-0.567,-0.618,-1.174,0.011,298.0,451.0,33.0,33.0,33.0,33.0,33.0,33.0,33.0,269.0,-8.0,2.0,2.0,-3.0,-2.0,-2.0,-8.0,-7.0,-8.0,3.0,-1.0,-4.0,-1.0,10.0,149.0,Ryan Brehm,28420,550.0,148.0,41.0,159.0,172.0,174.0,173.0,148.0,174.0,157.0,120.0,171.0,159.0,170.0,97.0,-0.25,157.0,-0.618,-0.567,0.011,42.289,1802.0,24426.0,80.0,43.0,43.0,-20.409,-18.695,0.357,-10.776,-10.776,-10.776,-49.52,-38.746,3094.0,3094.0
756.0,226.0,67.35%,64.14%,66.80%,"7' 3""",0.269,291.0,0.463,70.07,70.919,0.269,0.264,0.093,0.195,-0.163,392.0,505.0,37.0,37.0,37.0,37.0,37.0,37.0,37.0,251.0,-5.0,-7.0,0.0,-3.0,-6.0,-1.0,-5.0,0.0,0.0,5.0,-5.0,-6.0,0.0,0.0,161.0,Nate Lashley,28775,582.0,50.0,153.0,18.0,51.0,73.0,82.0,50.0,27.0,28.0,47.0,83.0,67.0,77.0,128.0,-0.27,28.0,0.093,0.264,-0.163,38.371,1632.833,24448.0,84.0,45.0,45.0,3.445,9.763,-6.019,9.937,9.937,9.937,17.143,7.205,3153.0,3153.0
738.0,305.0,61.23%,61.40%,61.38%,"7' 4""",-0.448,299.2,-0.175,70.8,71.126,-0.448,0.635,-0.409,0.273,0.047,349.0,453.0,40.0,40.0,40.0,40.0,40.0,40.0,40.0,285.0,-5.0,-3.0,1.0,-4.0,-3.0,-5.0,-5.0,0.0,-2.0,2.0,0.0,-3.0,1.0,-4.0,175.0,Webb Simpson,29221,570.0,160.0,92.0,80.0,125.0,155.0,99.0,160.0,2.0,65.0,56.0,158.0,169.0,67.0,91.0,-0.27,65.0,-0.409,0.635,0.047,13.16,2239.583,24533.0,82.0,41.0,41.0,-16.346,25.397,1.866,-17.915,-17.915,-17.915,-6.998,10.916,2903.0,2903.0
1008.0,331.0,63.44%,65.23%,65.48%,"7' 3""",0.551,298.5,0.752,69.69,70.036,0.551,0.144,-0.113,0.201,0.17,491.0,660.0,51.0,51.0,51.0,51.0,51.0,51.0,51.0,348.0,-8.0,-4.0,-4.0,-6.0,-3.0,0.0,-8.0,5.0,0.0,11.0,-2.0,-4.0,3.0,-1.0,227.0,Billy Horschel,29420,774.0,13.0,96.0,50.0,30.0,31.0,8.0,13.0,55.0,15.0,47.0,119.0,111.0,76.0,61.0,-0.29,15.0,-0.113,0.144,0.17,20.146,2403.917,33431.0,112.0,59.0,59.0,-5.786,7.367,8.671,28.082,28.082,28.082,38.333,10.251,4112.0,4112.0
648.0,223.0,60.60%,56.25%,60.49%,"7' 11""",0.185,285.3,-1.882,72.13,73.096,0.185,-0.51,-0.702,-2.067,-0.856,303.0,392.0,34.0,34.0,34.0,34.0,34.0,34.0,34.0,256.0,0.0,0.0,0.0,0.0,0.0,0.0,0.0,0.0,0.0,0.0,0.0,0.0,0.0,0.0,144.0,Kevin Kisner,29478,500.0,57.0,169.0,90.0,175.0,177.0,176.0,57.0,172.0,150.0,129.0,172.0,174.0,177.0,174.0,-0.23,150.0,-0.702,-0.51,-0.856,37.725,1773.333,20538.0,72.0,39.0,39.0,-23.866,-17.336,-29.09,6.285,6.285,6.285,-64.003,-70.29,2813.0,2813.0
1098.0,333.0,58.14%,58.53%,69.03%,"7' 0""",-0.197,308.0,1.194,69.63,70.216,-0.197,0.361,0.865,1.391,0.166,493.0,758.0,55.0,55.0,55.0,55.0,55.0,55.0,55.0,340.0,-4.0,-5.0,0.0,1.0,-3.0,-3.0,-4.0,2.0,2.0,1.0,0.0,-3.0,0.0,1.0,199.0,Tony Finau,29725,848.0,131.0,29.0,121.0,8.0,25.0,16.0,131.0,15.0,110.0,24.0,3.0,23.0,6.0,63.0,-0.31,110.0,0.865,0.361,0.166,38.01,2332.417,37573.0,122.0,65.0,65.0,47.556,19.839,9.107,-10.828,-10.828,-10.828,65.688,76.515,4526.0,4526.0
774.0,272.0,63.04%,61.72%,66.93%,"7' 8""",-0.01,292.9,0.502,70.0,70.591,-0.01,0.462,0.107,0.512,-0.058,377.0,518.0,43.0,43.0,43.0,43.0,43.0,43.0,43.0,256.0,-4.0,-3.0,3.0,0.0,-10.0,-3.0,-4.0,0.0,-1.0,-3.0,-7.0,-8.0,-4.0,-3.0,158.0,C.T. Pan,29908,598.0,101.0,141.0,56.0,47.0,66.0,43.0,101.0,4.0,57.0,97.0,82.0,60.0,44.0,112.0,-0.27,57.0,0.107,0.462,-0.058,25.431,2082.0,25188.0,86.0,43.0,43.0,4.616,19.877,-2.491,-0.437,-0.437,-0.437,21.579,22.017,3010.0,3010.0
1008.0,329.0,49.61%,54.32%,64.38%,"8' 10""",0.271,309.3,0.055,70.64,70.843,0.271,-0.29,0.033,-0.216,0.04,383.0,649.0,51.0,51.0,51.0,51.0,51.0,51.0,51.0,359.0,-17.0,-9.0,-2.0,-2.0,11.0,11.0,-17.0,3.0,-2.0,0.0,12.0,4.0,9.0,-11.0,195.0,Ryan Fox,29936,772.0,49.0,23.0,174.0,100.0,143.0,72.0,49.0,156.0,167.0,168.0,96.0,132.0,127.0,92.0,-0.31,167.0,0.033,-0.29,0.04,11.19,2895.417,34638.0,112.0,56.0,56.0,1.691,-14.778,2.065,13.84,13.84,13.84,2.819,-11.02,3956.0,3956.0
1026.0,355.0,70.18%,66.28%,66.76%,"8' 0""",0.151,298.3,0.681,69.89,70.385,0.151,0.259,0.003,0.53,0.268,560.0,685.0,52.0,52.0,52.0,52.0,52.0,52.0,52.0,341.0,-17.0,3.0,-1.0,0.0,12.0,5.0,-17.0,-3.0,1.0,-15.0,7.0,18.0,8.0,4.0,226.0,Tommy Fleetwood,30911,798.0,66.0,97.0,5.0,35.0,54.0,27.0,66.0,28.0,9.0,138.0,104.0,70.0,41.0,47.0,-0.29,9.0,0.003,0.259,0.268,27.966,2850.0,34004.0,114.0,57.0,57.0,0.136,13.444,13.96,7.85,7.85,7.85,35.404,27.555,3984.0,3984.0
990.0,351.0,63.31%,59.71%,64.65%,"7' 5""",-0.427,296.6,0.179,70.24,71.077,-0.427,0.128,0.19,0.606,0.288,490.0,640.0,50.0,50.0,50.0,50.0,50.0,50.0,50.0,350.0,-3.0,-8.0,4.0,0.0,-10.0,-2.0,-3.0,0.0,3.0,-2.0,5.0,-6.0,0.0,-1.0,209.0,Chris Kirk,30926,774.0,157.0,117.0,51.0,85.0,98.0,93.0,157.0,64.0,95.0,68.0,65.0,128.0,38.0,44.0,-0.3,95.0,0.19,0.128,0.288,49.529,2593.583,32625.0,110.0,59.0,59.0,9.503,6.402,14.404,-21.36,-21.36,-21.36,8.962,30.323,4144.0,4144.0
1278.0,467.0,69.90%,61.64%,63.69%,"7' 1""",0.33,279.0,-0.018,70.39,71.119,0.33,0.317,-0.175,-0.348,-0.49,692.0,814.0,70.0,70.0,70.0,70.0,70.0,70.0,70.0,464.0,8.0,-3.0,2.0,3.0,4.0,7.0,8.0,-1.0,2.0,-12.0,-5.0,1.0,-4.0,-1.0,286.0,Brendon Todd,30927,990.0,36.0,176.0,6.0,108.0,115.0,98.0,36.0,20.0,61.0,31.0,125.0,145.0,142.0,162.0,-0.29,61.0,-0.175,0.317,-0.49,51.432,3289.667,39614.0,142.0,71.0,71.0,-12.226,22.175,-34.3,23.081,23.081,23.081,-1.27,-24.352,4998.0,4998.0
936.0,328.0,51.81%,49.86%,62.71%,"9' 4""",-0.178,312.5,-0.687,71.38,71.651,-0.178,-0.389,-0.057,-0.509,-0.063,372.0,587.0,49.0,49.0,49.0,49.0,49.0,49.0,49.0,349.0,-26.0,-1.0,-2.0,0.0,-2.0,4.0,-26.0,2.0,-2.0,-2.0,-5.0,6.0,3.0,5.0,174.0,Gary Woodland,31323,718.0,129.0,8.0,170.0,156.0,170.0,152.0,129.0,166.0,177.0,176.0,112.0,158.0,151.0,113.0,-0.29,177.0,-0.057,-0.389,-0.063,13.874,3070.75,32496.0,104.0,52.0,52.0,-2.778,-19.075,-3.1,-8.746,-8.746,-8.746,-33.685,-24.939,3712.0,3712.0
1170.0,392.0,63.55%,56.37%,65.13%,"8' 8""",0.083,290.9,-0.136,70.8,71.35,0.083,-0.489,0.257,-0.218,0.014,577.0,762.0,61.0,61.0,61.0,61.0,61.0,61.0,61.0,408.0,-12.0,-6.0,-7.0,-5.0,0.0,1.0,-12.0,1.0,-7.0,-2.0,-5.0,-2.0,-5.0,3.0,230.0,Emiliano Grillo,31646,908.0,81.0,155.0,49.0,121.0,155.0,123.0,81.0,170.0,147.0,165.0,57.0,119.0,128.0,96.0,-0.29,147.0,0.257,-0.489,0.014,35.723,3396.417,37815.0,130.0,65.0,65.0,15.648,-29.842,0.866,5.04,5.04,5.04,-8.276,-13.316,4602.0,4602.0
684.0,167.0,59.35%,57.41%,68.42%,"8' 1""",-0.243,305.1,-0.738,70.58,71.557,-0.243,-0.337,0.001,-0.495,-0.159,311.0,468.0,29.0,29.0,29.0,29.0,29.0,29.0,29.0,216.0,-8.0,3.0,4.0,-14.0,-22.0,-30.0,-8.0,-8.0,2.0,7.0,-28.0,-15.0,-23.0,-15.0,124.0,Rafael Campos,32070,524.0,138.0,43.0,109.0,160.0,136.0,147.0,138.0,159.0,136.0,142.0,105.0,36.0,150.0,127.0,-0.27,136.0,0.001,-0.337,-0.159,37.148,1343.333,22879.0,75.0,38.0,38.0,0.015,-9.764,-4.599,-7.059,-7.059,-7.059,-21.404,-14.348,2682.0,2682.0
1098.0,362.0,60.28%,58.35%,63.48%,"7' 7""",-0.043,298.2,-0.689,71.2,72.022,-0.043,-0.05,-0.296,-0.647,-0.301,516.0,697.0,56.0,56.0,56.0,56.0,56.0,56.0,56.0,401.0,3.0,-4.0,-12.0,-2.0,-4.0,-2.0,3.0,-3.0,-3.0,-2.0,-9.0,-12.0,-5.0,-2.0,234.0,Rickie Fowler,32102,856.0,109.0,99.0,100.0,157.0,167.0,166.0,109.0,110.0,111.0,83.0,134.0,149.0,155.0,146.0,-0.27,111.0,-0.296,-0.05,-0.301,52.39,2758.75,36378.0,122.0,64.0,64.0,-16.558,-2.801,-16.877,-2.39,-2.39,-2.39,-38.61,-36.219,4557.0,4557.0
792.0,240.0,62.29%,63.22%,67.05%,"6' 7""",-0.254,297.4,0.269,69.73,70.626,-0.254,0.395,0.168,0.523,-0.041,375.0,531.0,38.0,38.0,38.0,38.0,38.0,38.0,38.0,261.0,-8.0,2.0,4.0,11.0,12.0,16.0,-8.0,-3.0,5.0,4.0,13.0,38.0,10.0,1.0,165.0,Jorge Campillo,32367,602.0,140.0,108.0,65.0,76.0,39.0,49.0,140.0,11.0,38.0,5.0,70.0,58.0,42.0,109.0,-0.28,38.0,0.168,0.395,-0.041,39.551,1581.667,25870.0,87.0,44.0,44.0,6.393,15.027,-1.544,-9.64,-9.64,-9.64,10.238,19.877,3068.0,3068.0
972.0,294.0,66.13%,60.73%,65.95%,"6' 10""",-0.148,292.7,0.066,70.0,71.222,-0.148,0.117,0.263,0.214,-0.166,496.0,641.0,45.0,45.0,45.0,45.0,45.0,45.0,45.0,331.0,-2.0,2.0,3.0,-8.0,-10.0,-10.0,-2.0,-11.0,-2.0,1.0,14.0,-7.0,3.0,-7.0,201.0,Troy Merritt,32640,750.0,119.0,144.0,24.0,98.0,66.0,105.0,119.0,66.0,77.0,13.0,55.0,96.0,72.0,129.0,-0.31,77.0,0.263,0.117,-0.166,69.676,2003.25,31614.0,108.0,57.0,57.0,11.828,5.256,-7.456,-6.661,-6.661,-6.661,2.967,9.627,3990.0,3990.0
684.0,164.0,61.74%,59.47%,72.22%,"7' 7""",-0.383,300.2,0.03,69.78,71.265,-0.383,-0.108,0.557,0.413,-0.036,326.0,494.0,32.0,32.0,32.0,32.0,32.0,32.0,32.0,190.0,-7.0,17.0,-7.0,5.0,-1.0,-10.0,-7.0,9.0,-29.0,-2.0,0.0,0.0,4.0,5.0,113.0,Patton Kizzire,32757,528.0,153.0,81.0,74.0,102.0,45.0,116.0,153.0,124.0,101.0,83.0,11.0,4.0,58.0,108.0,-0.3,101.0,0.557,-0.108,-0.036,60.873,1241.167,22518.0,75.0,41.0,41.0,17.816,-3.462,-1.139,-12.248,-12.248,-12.248,0.968,13.216,2861.0,2861.0
828.0,270.0,62.72%,62.16%,64.25%,"7' 1""",0.053,300.4,-0.091,70.08,71.006,0.053,0.136,-0.318,-0.145,0.038,397.0,532.0,41.0,41.0,41.0,41.0,41.0,41.0,41.0,296.0,-10.0,-1.0,-2.0,-17.0,-19.0,-9.0,-10.0,-4.0,-2.0,-1.0,-9.0,-6.0,-12.0,-6.0,184.0,K.H. Lee,32791,633.0,87.0,78.0,60.0,116.0,75.0,89.0,87.0,60.0,52.0,31.0,140.0,135.0,115.0,93.0,-0.28,52.0,-0.318,0.136,0.038,46.292,1919.75,27633.0,92.0,50.0,50.0,-13.045,5.564,1.55,2.181,2.181,2.181,-3.748,-5.93,3504.0,3504.0
1026.0,349.0,60.25%,68.90%,66.47%,"7' 0""",-0.23,297.3,1.283,69.7,70.232,-0.23,0.819,0.365,1.513,0.329,482.0,682.0,51.0,51.0,51.0,51.0,51.0,51.0,51.0,344.0,-14.0,-7.0,0.0,-3.0,1.0,-3.0,-14.0,0.0,1.0,16.0,2.0,-6.0,0.0,-1.0,237.0,Hideki Matsuyama,32839,800.0,136.0,112.0,101.0,7.0,32.0,17.0,136.0,1.0,2.0,24.0,31.0,78.0,4.0,39.0,-0.29,2.0,0.365,0.819,0.329,30.239,2450.0,33893.0,114.0,57.0,57.0,18.609,41.75,16.798,-11.749,-11.749,-11.749,65.42,77.17,3973.0,3973.0
1026.0,318.0,62.13%,54.97%,66.67%,"8' 3""",-0.081,302.4,0.384,70.46,70.798,-0.081,-0.021,0.305,0.465,0.181,497.0,684.0,51.0,51.0,51.0,51.0,51.0,51.0,51.0,342.0,0.0,-6.0,5.0,0.0,-8.0,0.0,0.0,3.0,-3.0,-3.0,-5.0,-9.0,-6.0,2.0,188.0,Keegan Bradley,33141,800.0,113.0,60.0,67.0,62.0,124.0,63.0,113.0,100.0,161.0,152.0,48.0,72.0,53.0,59.0,-0.31,161.0,0.305,-0.021,0.181,19.482,2618.167,34475.0,114.0,57.0,57.0,15.566,-1.073,9.223,-4.122,-4.122,-4.122,19.591,23.713,4016.0,4016.0
936.0,290.0,67.72%,57.88%,66.77%,"7' 8""",-0.029,297.8,0.797,70.2,70.471,-0.029,-0.035,0.584,0.826,0.276,493.0,625.0,47.0,47.0,47.0,47.0,47.0,47.0,47.0,311.0,-4.0,-7.0,0.0,1.0,-7.0,-2.0,-4.0,1.0,-4.0,-3.0,0.0,-7.0,1.0,0.0,180.0,Shane Lowry,33204,728.0,106.0,103.0,16.0,27.0,90.0,33.0,106.0,105.0,125.0,97.0,10.0,69.0,18.0,46.0,-0.29,125.0,0.584,-0.035,0.276,14.925,2232.0,30968.0,104.0,55.0,55.0,27.463,-1.622,12.979,-1.354,-1.354,-1.354,37.477,38.834,3861.0,3861.0
1026.0,351.0,61.59%,58.31%,64.23%,"8' 1""",0.07,296.0,0.25,70.18,70.85,0.07,0.048,0.138,0.18,-0.007,489.0,659.0,52.0,52.0,52.0,52.0,52.0,52.0,52.0,367.0,16.0,-2.0,3.0,5.0,17.0,12.0,16.0,-20.0,13.0,-19.0,9.0,7.0,-6.0,-7.0,214.0,Adam Hadwin,33399,794.0,82.0,119.0,76.0,79.0,85.0,75.0,82.0,82.0,114.0,142.0,76.0,136.0,82.0,104.0,-0.31,114.0,0.138,0.048,-0.007,40.876,2824.5,33749.0,114.0,61.0,61.0,7.188,2.52,-0.341,3.651,3.651,3.651,13.016,9.364,4281.0,4281.0
882.0,295.0,54.42%,57.91%,62.02%,"8' 3""",0.458,302.0,-0.388,70.92,71.895,0.458,0.027,-0.309,-0.846,-0.563,369.0,547.0,44.0,44.0,44.0,44.0,44.0,44.0,44.0,335.0,-4.0,2.0,-6.0,-5.0,0.0,-1.0,-4.0,-3.0,-1.0,3.0,12.0,-7.0,1.0,1.0,194.0,Tyson Alexander,33408,678.0,21.0,67.0,158.0,143.0,160.0,161.0,21.0,86.0,123.0,152.0,136.0,166.0,164.0,166.0,-0.32,123.0,-0.309,0.027,-0.563,50.543,2444.667,29593.0,98.0,52.0,52.0,-13.595,1.176,-24.788,20.149,20.149,20.149,-17.058,-37.209,3688.0,3688.0
756.0,187.0,61.30%,60.40%,66.93%,"7' 6""",0.009,294.5,0.124,70.28,71.161,0.009,-0.255,0.434,0.115,-0.065,358.0,506.0,33.0,33.0,33.0,33.0,33.0,33.0,33.0,250.0,-5.0,-2.0,1.0,-1.0,-6.0,-5.0,-5.0,-1.0,2.0,-5.0,0.0,-8.0,-3.0,-4.0,151.0,Ben Martin,33413,584.0,97.0,128.0,79.0,90.0,100.0,104.0,97.0,150.0,85.0,76.0,23.0,60.0,87.0,114.0,-0.27,85.0,0.434,-0.255,-0.065,40.412,1398.333,24735.0,84.0,46.0,46.0,14.337,-8.428,-2.137,0.306,0.306,0.306,4.094,3.786,3233.0,3233.0
846.0,310.0,56.00%,61.22%,65.25%,"7' 3""",-0.399,307.6,0.714,69.75,70.331,-0.399,0.434,0.517,1.112,0.161,364.0,552.0,44.0,44.0,44.0,44.0,44.0,44.0,44.0,294.0,3.0,-4.0,-6.0,-7.0,1.0,-8.0,3.0,-2.0,10.0,5.0,-8.0,-2.0,-5.0,-6.0,180.0,Justin Thomas,33448,650.0,154.0,31.0,144.0,34.0,40.0,25.0,154.0,5.0,67.0,47.0,16.0,117.0,12.0,65.0,-0.3,67.0,0.517,0.434,0.161,29.864,2241.583,28911.0,94.0,51.0,51.0,22.743,19.112,7.087,-17.537,-17.537,-17.537,31.401,48.939,3557.0,3557.0
720.0,213.0,62.73%,63.29%,67.08%,"7' 2""",0.171,291.1,0.019,70.44,71.707,0.171,0.304,0.019,-0.152,-0.475,345.0,483.0,33.0,33.0,33.0,33.0,33.0,33.0,33.0,237.0,3.0,1.0,6.0,-2.0,1.0,-2.0,3.0,-10.0,-6.0,0.0,13.0,23.0,-3.0,-2.0,150.0,Roger Sloan,33486,550.0,62.0,151.0,59.0,104.0,121.0,156.0,62.0,21.0,35.0,40.0,99.0,55.0,118.0,161.0,-0.26,35.0,0.019,0.304,-0.475,54.39,1527.333,23291.0,80.0,43.0,43.0,0.632,10.036,-15.67,5.638,5.638,5.638,0.638,-5.0,3029.0,3029.0
1026.0,366.0,60.08%,60.98%,64.04%,"7' 11""",0.61,301.0,0.398,69.88,70.452,0.61,-0.237,-0.119,-0.211,0.144,471.0,657.0,55.0,55.0,55.0,55.0,55.0,55.0,55.0,369.0,0.0,-8.0,-1.0,8.0,11.0,7.0,0.0,-2.0,21.0,-15.0,2.0,7.0,5.0,5.0,225.0,Thomas Detry,33653,784.0,6.0,75.0,103.0,59.0,53.0,31.0,6.0,148.0,73.0,129.0,120.0,138.0,126.0,72.0,-0.32,73.0,-0.119,-0.237,0.144,34.112,2889.417,34317.0,114.0,60.0,60.0,-6.544,-13.023,7.917,33.538,33.538,33.538,21.904,-11.632,4193.0,4193.0
1062.0,337.0,54.71%,56.97%,68.93%,"7' 4""",-0.056,313.9,0.633,69.98,70.664,-0.056,-0.024,0.284,0.689,0.429,453.0,732.0,54.0,54.0,54.0,54.0,54.0,54.0,54.0,330.0,-5.0,-1.0,-7.0,-5.0,-1.0,-2.0,-5.0,6.0,0.0,2.0,-7.0,-7.0,-1.0,-2.0,188.0,Byeong Hun An,33948,828.0,111.0,5.0,154.0,39.0,61.0,51.0,111.0,103.0,141.0,56.0,53.0,25.0,25.0,18.0,-0.32,141.0,0.284,-0.024,0.429,40.16,2463.0,37041.0,118.0,59.0,59.0,15.332,-1.292,23.186,-3.021,-3.021,-3.021,34.204,37.225,4129.0,4129.0
756.0,256.0,54.69%,57.72%,64.02%,"7' 4""",0.322,302.1,0.137,70.45,71.036,0.322,0.218,-0.049,-0.185,-0.354,315.0,484.0,38.0,38.0,38.0,38.0,38.0,38.0,38.0,272.0,4.0,2.0,-4.0,8.0,23.0,16.0,4.0,10.0,3.0,10.0,-7.0,3.0,-1.0,3.0,157.0,Thorbjørn Olesen,33968,576.0,38.0,65.0,155.0,88.0,122.0,91.0,38.0,41.0,129.0,56.0,110.0,139.0,123.0,153.0,-0.3,129.0,-0.049,0.218,-0.354,24.511,1867.667,25378.0,84.0,42.0,42.0,-1.859,8.268,-13.44,12.236,12.236,12.236,5.206,-7.03,2959.0,2959.0
1080.0,374.0,62.86%,55.31%,66.85%,"7' 10""",0.062,306.5,0.528,70.13,70.784,0.062,0.049,-0.085,0.466,0.502,528.0,722.0,57.0,57.0,57.0,57.0,57.0,57.0,57.0,358.0,-12.0,-2.0,-5.0,-2.0,-4.0,1.0,-12.0,11.0,-3.0,3.0,-10.0,-6.0,-4.0,0.0,198.0,Jordan Spieth,34046,840.0,84.0,34.0,58.0,44.0,81.0,60.0,84.0,80.0,158.0,120.0,116.0,64.0,52.0,15.0,-0.32,158.0,-0.085,0.049,0.502,39.06,2929.917,36777.0,120.0,60.0,60.0,-4.846,2.797,28.6,3.551,3.551,3.551,30.101,26.549,4208.0,4208.0
1044.0,278.0,65.26%,60.59%,70.59%,"7' 9""",-0.548,292.9,0.067,70.13,71.258,-0.548,-0.191,0.454,0.615,0.351,526.0,737.0,49.0,49.0,49.0,49.0,49.0,49.0,49.0,307.0,1.0,1.0,3.0,0.0,-3.0,-5.0,1.0,-1.0,6.0,-28.0,-3.0,0.0,-8.0,-1.0,186.0,Joel Dahmen,34076,806.0,167.0,141.0,29.0,97.0,81.0,114.0,167.0,142.0,80.0,109.0,19.0,9.0,36.0,33.0,-0.25,80.0,0.454,-0.191,0.351,68.761,2150.25,33977.0,116.0,61.0,61.0,22.255,-9.336,17.199,-26.846,-26.846,-26.846,3.287,30.133,4278.0,4278.0
1026.0,353.0,68.95%,64.31%,64.23%,"7' 0""",0.335,288.4,0.982,69.98,70.435,0.335,0.286,0.379,0.647,-0.019,553.0,659.0,52.0,52.0,52.0,52.0,52.0,52.0,52.0,367.0,-1.0,-2.0,2.0,1.0,-7.0,-5.0,-1.0,0.0,-4.0,1.0,2.0,-4.0,1.0,-1.0,236.0,Russell Henley,34098,802.0,34.0,162.0,10.0,16.0,61.0,30.0,34.0,23.0,26.0,24.0,30.0,136.0,32.0,105.0,-0.31,26.0,0.379,0.286,-0.019,25.823,2483.833,32877.0,114.0,57.0,57.0,19.722,14.887,-0.991,17.426,17.426,17.426,51.044,33.618,3989.0,3989.0
1170.0,415.0,64.51%,62.50%,65.13%,"7' 9""",0.55,300.0,0.473,70.18,70.743,0.55,0.0,-0.233,-0.078,0.155,587.0,762.0,59.0,59.0,59.0,59.0,59.0,59.0,59.0,408.0,-3.0,-1.0,1.0,1.0,16.0,16.0,-3.0,-1.0,3.0,-5.0,7.0,16.0,9.0,0.0,255.0,Harris English,34099,910.0,14.0,83.0,39.0,49.0,85.0,55.0,14.0,93.0,46.0,109.0,128.0,119.0,108.0,69.0,-0.3,46.0,-0.233,0.0,0.155,36.28,3231.5,38994.0,130.0,65.0,65.0,-13.754,-0.006,9.158,32.473,32.473,32.473,27.884,-4.59,4562.0,4562.0
684.0,240.0,63.72%,57.20%,62.43%,"7' 5""",-0.038,303.5,0.306,70.8,71.374,-0.038,0.058,0.087,0.344,0.199,339.0,427.0,33.0,33.0,33.0,33.0,33.0,33.0,33.0,257.0,-3.0,-3.0,1.0,3.0,-3.0,-1.0,-3.0,2.0,-6.0,-2.0,-5.0,-5.0,-1.0,-1.0,147.0,Grayson Murray,34213,532.0,107.0,51.0,47.0,70.0,155.0,128.0,107.0,77.0,138.0,68.0,84.0,162.0,62.0,57.0,-0.32,138.0,0.087,0.058,0.199,23.341,1788.0,23064.0,76.0,41.0,41.0,2.877,1.913,6.552,-1.268,-1.268,-1.268,10.085,11.354,2903.0,2903.0
936.0,310.0,52.37%,61.79%,67.84%,"7' 9""",-0.18,309.4,0.181,70.15,70.979,-0.18,0.132,-0.017,0.361,0.246,375.0,635.0,49.0,49.0,49.0,49.0,49.0,49.0,49.0,301.0,-11.0,2.0,-3.0,-4.0,-12.0,-9.0,-11.0,0.0,-8.0,-5.0,-7.0,-3.0,-2.0,0.0,186.0,Joseph Bramlett,34255,716.0,130.0,21.0,168.0,83.0,84.0,84.0,130.0,61.0,56.0,109.0,107.0,46.0,61.0,50.0,-0.26,56.0,-0.017,0.132,0.246,45.827,2399.25,32174.0,104.0,55.0,55.0,-0.814,6.451,12.075,-8.822,-8.822,-8.822,8.891,17.712,3858.0,3858.0
1026.0,374.0,65.66%,63.98%,66.18%,"7' 4""",0.355,281.6,0.061,70.2,71.234,0.355,0.239,0.035,-0.295,-0.568,524.0,679.0,56.0,56.0,56.0,56.0,56.0,56.0,56.0,347.0,-6.0,-4.0,-4.0,-7.0,-7.0,0.0,-6.0,7.0,-4.0,2.0,4.0,0.0,-2.0,-5.0,222.0,Andrew Putnam,34256,798.0,31.0,174.0,27.0,99.0,90.0,109.0,31.0,35.0,30.0,56.0,94.0,90.0,136.0,169.0,-0.27,30.0,0.035,0.239,-0.568,63.278,2737.25,32099.0,114.0,61.0,61.0,1.939,13.363,-31.808,19.904,19.904,19.904,3.41,-16.495,4282.0,4282.0
648.0,239.0,66.19%,64.80%,61.42%,"8' 1""",0.605,275.7,-0.427,70.35,71.244,0.605,-0.266,-0.201,-1.032,-0.565,327.0,398.0,35.0,35.0,35.0,35.0,35.0,35.0,35.0,250.0,-4.0,-2.0,-4.0,-12.0,-10.0,-9.0,-4.0,-1.0,-1.0,1.0,-4.0,-5.0,0.0,-4.0,162.0,Alexander Björk,34310,494.0,8.0,177.0,23.0,144.0,109.0,113.0,8.0,154.0,21.0,142.0,127.0,168.0,167.0,168.0,-0.26,21.0,-0.201,-0.266,-0.565,35.769,1922.833,19853.0,72.0,40.0,40.0,-7.051,-9.323,-19.76,21.192,21.192,21.192,-14.942,-36.135,2814.0,2814.0
702.0,210.0,53.26%,57.81%,63.53%,"7' 9""",-0.174,302.1,-1.717,71.09,72.282,-0.174,-0.032,-0.412,-1.543,-1.099,286.0,446.0,34.0,34.0,34.0,34.0,34.0,34.0,34.0,256.0,2.0,0.0,-1.0,-2.0,-7.0,-4.0,2.0,-9.0,-20.0,-15.0,-22.0,-9.0,-5.0,-3.0,148.0,Erik Barnes,34374,537.0,127.0,65.0,164.0,173.0,165.0,170.0,127.0,104.0,126.0,109.0,160.0,148.0,175.0,177.0,-0.24,126.0,-0.412,-0.032,-1.099,51.107,1635.917,23260.0,77.0,43.0,43.0,-14.003,-1.08,-37.37,-5.914,-5.914,-5.914,-58.364,-52.451,3057.0,3057.0
1026.0,358.0,52.03%,59.20%,60.82%,"7' 11""",0.47,295.8,-0.373,71.02,71.503,0.47,0.018,-0.302,-0.842,-0.559,411.0,624.0,53.0,53.0,53.0,53.0,53.0,53.0,53.0,402.0,0.0,-5.0,-2.0,-2.0,0.0,-4.0,0.0,0.0,-2.0,-6.0,1.0,-2.0,-1.0,4.0,238.0,Peter Malnati,34466,790.0,20.0,121.0,169.0,141.0,162.0,141.0,20.0,89.0,104.0,129.0,135.0,173.0,163.0,164.0,-0.28,104.0,-0.302,0.018,-0.559,29.174,2837.75,33717.0,114.0,60.0,60.0,-16.004,0.968,-29.621,24.891,24.891,24.891,-19.752,-44.643,4261.0,4261.0
792.0,267.0,57.07%,60.52%,65.78%,"7' 8""",0.334,301.4,0.265,69.98,70.855,0.334,-0.051,-0.091,-0.069,0.073,347.0,521.0,43.0,43.0,43.0,43.0,43.0,43.0,43.0,271.0,3.0,3.0,0.0,2.0,1.0,-8.0,3.0,-6.0,-8.0,7.0,-3.0,1.0,0.0,-3.0,164.0,Chesson Hadley,34563,608.0,35.0,72.0,137.0,77.0,61.0,76.0,35.0,111.0,82.0,97.0,117.0,102.0,105.0,86.0,-0.29,82.0,-0.091,-0.051,0.073,42.036,2036.583,26521.0,88.0,48.0,48.0,-3.909,-2.182,3.133,14.354,14.354,14.354,11.397,-2.958,3359.0,3359.0
1008.0,284.0,64.12%,65.06%,69.05%,"6' 11""",-0.4,298.2,0.547,69.38,70.535,-0.4,0.259,0.443,0.947,0.245,495.0,696.0,47.0,47.0,47.0,47.0,47.0,47.0,47.0,312.0,1.0,13.0,7.0,18.0,3.0,3.0,1.0,10.0,15.0,10.0,9.0,3.0,4.0,3.0,203.0,Chan Kim,34587,772.0,155.0,99.0,42.0,42.0,12.0,38.0,155.0,28.0,16.0,20.0,20.0,22.0,14.0,51.0,-0.3,16.0,0.443,0.259,0.245,69.077,1959.25,33403.0,112.0,60.0,60.0,20.802,12.168,11.509,-18.796,-18.796,-18.796,25.699,44.494,4163.0,4163.0
792.0,222.0,59.54%,54.35%,70.96%,"7' 10""",-0.169,305.0,-0.195,70.04,71.234,-0.169,-0.303,0.115,-0.027,0.161,362.0,562.0,39.0,39.0,39.0,39.0,39.0,39.0,39.0,230.0,20.0,-7.0,8.0,19.0,26.0,17.0,20.0,1.0,5.0,12.0,1.0,1.0,17.0,14.0,125.0,Lanto Griffin,35310,608.0,124.0,45.0,108.0,126.0,71.0,109.0,124.0,157.0,166.0,120.0,80.0,7.0,101.0,65.0,-0.27,166.0,0.115,-0.303,0.161,57.233,1739.417,26842.0,88.0,48.0,48.0,4.503,-11.809,6.27,-6.576,-6.576,-6.576,-7.611,-1.035,3362.0,3362.0
882.0,299.0,58.84%,63.16%,63.38%,"7' 1""",0.309,299.7,0.739,69.81,70.604,0.309,0.242,0.059,0.43,0.129,406.0,559.0,43.0,43.0,43.0,43.0,43.0,43.0,43.0,323.0,-5.0,-6.0,3.0,0.0,-7.0,-2.0,-5.0,1.0,-1.0,-1.0,-2.0,-7.0,-5.0,-2.0,204.0,Patrick Cantlay,35450,690.0,42.0,87.0,114.0,31.0,48.0,45.0,42.0,33.0,39.0,31.0,89.0,151.0,56.0,75.0,-0.34,39.0,0.059,0.242,0.129,42.009,2109.833,29368.0,98.0,53.0,53.0,2.549,10.403,5.528,13.282,13.282,13.282,31.776,18.495,3700.0,3700.0
1026.0,364.0,55.18%,62.21%,66.47%,"7' 4""",0.51,298.1,0.392,69.8,70.691,0.51,0.347,-0.42,-0.118,-0.044,437.0,682.0,55.0,55.0,55.0,55.0,55.0,55.0,55.0,344.0,1.0,-7.0,0.0,-2.0,-7.0,-2.0,1.0,1.0,-4.0,2.0,-2.0,-9.0,1.0,-4.0,214.0,Beau Hossler,35461,792.0,17.0,101.0,150.0,60.0,46.0,54.0,17.0,17.0,51.0,56.0,162.0,78.0,112.0,110.0,-0.3,51.0,-0.42,0.347,-0.044,54.161,2662.833,33978.0,114.0,61.0,61.0,-23.11,19.071,-2.43,28.051,28.051,28.051,21.583,-6.468,4258.0,4258.0
1134.0,444.0,57.00%,65.05%,61.90%,"7' 3""",0.605,297.6,0.386,70.02,70.832,0.605,0.319,-0.316,-0.218,-0.221,497.0,702.0,61.0,61.0,61.0,61.0,61.0,61.0,61.0,432.0,5.0,0.0,-14.0,2.0,6.0,12.0,5.0,2.0,-1.0,-7.0,9.0,2.0,-9.0,-15.0,281.0,Mackenzie Hughes,35506,872.0,8.0,107.0,138.0,61.0,69.0,69.0,8.0,19.0,17.0,47.0,137.0,167.0,128.0,139.0,-0.33,17.0,-0.316,0.319,-0.221,51.386,3222.917,37501.0,126.0,63.0,63.0,-19.282,19.442,-13.489,36.883,36.883,36.883,23.569,-13.314,4411.0,4411.0
1242.0,399.0,62.34%,60.45%,68.04%,"7' 4""",0.156,293.4,0.812,69.4,70.371,0.156,-0.263,0.911,0.655,0.007,601.0,845.0,67.0,67.0,67.0,67.0,67.0,67.0,67.0,397.0,-3.0,-2.0,-4.0,-2.0,-6.0,-5.0,-3.0,3.0,-11.0,15.0,0.0,-8.0,1.0,-7.0,240.0,Tom Hoge,35532,964.0,65.0,135.0,64.0,25.0,15.0,26.0,65.0,151.0,84.0,56.0,2.0,42.0,28.0,99.0,-0.34,84.0,0.911,-0.263,0.007,71.116,2932.0,40486.0,138.0,73.0,73.0,61.007,-17.589,0.456,10.484,10.484,10.484,54.373,43.89,5066.0,5066.0
810.0,252.0,61.38%,56.06%,67.41%,"7' 9""",-0.712,288.3,-0.735,71.1,72.062,-0.712,0.071,0.219,-0.023,-0.313,383.0,546.0,42.0,42.0,42.0,42.0,42.0,42.0,42.0,264.0,-2.0,0.0,7.0,5.0,0.0,1.0,-2.0,6.0,1.0,23.0,20.0,12.0,21.0,0.0,148.0,David Lipsky,36326,624.0,174.0,163.0,77.0,159.0,166.0,167.0,174.0,74.0,155.0,109.0,62.0,54.0,100.0,149.0,-0.24,155.0,0.219,0.071,-0.313,45.999,1950.083,25945.0,90.0,48.0,48.0,9.179,2.976,-13.127,-29.918,-29.918,-29.918,-30.873,-0.957,3413.0,3413.0
1116.0,384.0,57.08%,58.57%,68.64%,"7' 6""",0.039,305.4,0.078,70.19,71.084,0.039,0.105,-0.316,0.039,0.251,492.0,766.0,60.0,60.0,60.0,60.0,60.0,60.0,60.0,350.0,-1.0,0.0,-2.0,0.0,-7.0,-3.0,-1.0,1.0,2.0,-5.0,3.0,-5.0,1.0,-1.0,205.0,Patrick Rodgers,36699,862.0,89.0,40.0,136.0,94.0,88.0,95.0,89.0,67.0,109.0,76.0,137.0,32.0,93.0,49.0,-0.29,109.0,-0.316,0.105,0.251,55.199,2892.167,37873.0,124.0,62.0,62.0,-18.953,6.279,15.032,2.319,2.319,2.319,4.677,2.357,4352.0,4352.0
1026.0,368.0,59.24%,60.91%,65.59%,"7' 0""",-0.132,308.8,0.509,69.98,70.687,-0.132,0.247,0.042,0.641,0.352,468.0,673.0,53.0,53.0,53.0,53.0,53.0,53.0,53.0,353.0,3.0,-3.0,-2.0,0.0,-7.0,-2.0,3.0,0.0,-1.0,1.0,0.0,-6.0,0.0,-2.0,215.0,Stephan Jaeger,36799,790.0,118.0,25.0,111.0,46.0,61.0,53.0,118.0,31.0,76.0,24.0,93.0,107.0,34.0,32.0,-0.3,76.0,0.042,0.247,0.352,42.898,2588.667,35200.0,114.0,61.0,61.0,2.229,13.067,18.665,-6.972,-6.972,-6.972,26.988,33.961,4269.0,4269.0
1242.0,411.0,67.57%,61.10%,66.26%,"7' 8""",0.166,293.3,0.459,69.7,70.54,0.166,0.034,0.253,0.293,0.005,646.0,823.0,63.0,63.0,63.0,63.0,63.0,63.0,63.0,419.0,-16.0,-4.0,0.0,-7.0,-6.0,-6.0,-16.0,2.0,-3.0,-16.0,-3.0,-5.0,1.0,-4.0,256.0,Mark Hubbard,36801,956.0,63.0,138.0,17.0,52.0,32.0,39.0,63.0,84.0,70.0,97.0,58.0,84.0,65.0,100.0,-0.31,70.0,0.253,0.034,0.005,61.452,3154.5,40474.0,138.0,73.0,73.0,15.963,2.147,0.346,10.447,10.447,10.447,28.918,18.472,5088.0,5088.0
900.0,265.0,60.37%,57.80%,68.67%,"8' 11""",-0.151,296.5,-0.49,70.43,71.509,-0.151,-0.178,-0.11,-0.339,-0.051,419.0,618.0,45.0,45.0,45.0,45.0,45.0,45.0,45.0,282.0,25.0,7.0,-15.0,14.0,31.0,11.0,25.0,-8.0,3.0,-3.0,21.0,14.0,8.0,-10.0,163.0,Matt NeSmith,36871,694.0,122.0,118.0,98.0,148.0,118.0,144.0,122.0,138.0,127.0,171.0,118.0,31.0,141.0,111.0,-0.24,127.0,-0.11,-0.178,-0.051,58.509,2363.417,29350.0,99.0,54.0,54.0,-4.934,-8.029,-2.301,-6.8,-6.8,-6.8,-22.05,-15.25,3803.0,3803.0
990.0,303.0,71.04%,57.36%,67.07%,"8' 1""",0.015,287.8,-0.468,70.51,71.405,0.015,-0.356,-0.051,-0.483,-0.076,542.0,664.0,48.0,48.0,48.0,48.0,48.0,48.0,48.0,326.0,-2.0,-1.0,1.0,4.0,7.0,13.0,-2.0,4.0,-23.0,-10.0,-1.0,26.0,2.0,0.0,187.0,Ben Kohles,36884,763.0,96.0,165.0,4.0,147.0,131.0,131.0,96.0,161.0,137.0,142.0,111.0,57.0,149.0,115.0,-0.25,137.0,-0.051,-0.356,-0.076,52.876,2438.25,31658.0,110.0,59.0,59.0,-2.432,-17.11,-3.653,0.722,0.722,0.722,-22.473,-23.197,4160.0,4160.0
612.0,185.0,55.53%,50.22%,62.58%,"9' 6""",-0.222,310.0,-1.927,71.76,72.973,-0.222,-0.932,-0.911,-1.706,0.137,261.0,383.0,29.0,29.0,29.0,29.0,29.0,29.0,29.0,229.0,-3.0,0.0,8.0,-2.0,-1.0,-3.0,-3.0,-2.0,-2.0,-2.0,-3.0,2.0,-2.0,15.0,115.0,Paul Barjon,37212,470.0,134.0,14.0,147.0,176.0,172.0,175.0,134.0,177.0,176.0,177.0,176.0,160.0,176.0,74.0,-0.26,176.0,-0.911,-0.932,0.137,45.978,1750.5,21083.0,68.0,38.0,38.0,-26.42,-27.018,3.967,-6.428,-6.428,-6.428,-55.897,-49.471,2727.0,2727.0
918.0,290.0,63.74%,55.92%,66.88%,"7' 10""",0.104,291.0,-0.071,70.2,71.32,0.104,-0.154,0.336,-0.175,-0.358,450.0,614.0,45.0,45.0,45.0,45.0,45.0,45.0,45.0,304.0,12.0,6.0,-3.0,12.0,12.0,7.0,12.0,1.0,-4.0,-6.0,1.0,36.0,5.0,1.0,170.0,Sam Ryder,37275,706.0,75.0,153.0,46.0,113.0,90.0,118.0,75.0,135.0,156.0,120.0,40.0,63.0,120.0,154.0,-0.32,156.0,0.336,-0.154,-0.358,61.585,2259.833,29680.0,102.0,55.0,55.0,15.139,-6.923,-16.098,4.666,4.666,4.666,-3.201,-7.867,3861.0,3861.0
900.0,310.0,60.52%,55.03%,64.67%,"7' 8""",-0.028,314.4,0.49,70.11,70.6,-0.028,0.149,-0.326,0.518,0.695,420.0,582.0,45.0,45.0,45.0,45.0,45.0,45.0,45.0,318.0,-20.0,-1.0,-14.0,-15.0,-8.0,-9.0,-20.0,3.0,-7.0,-3.0,-17.0,-7.0,-13.0,-1.0,175.0,Min Woo Lee,37378,694.0,105.0,4.0,91.0,48.0,77.0,44.0,105.0,54.0,160.0,97.0,141.0,127.0,43.0,7.0,-0.31,160.0,-0.326,0.149,0.695,26.405,2386.583,31437.0,100.0,54.0,54.0,-14.662,6.696,31.26,-1.279,-1.279,-1.279,22.03,23.31,3786.0,3786.0
1242.0,444.0,68.19%,65.39%,66.26%,"6' 8""",-0.355,293.4,0.84,69.53,70.277,-0.355,0.247,0.548,1.195,0.4,656.0,823.0,64.0,64.0,64.0,64.0,64.0,64.0,64.0,419.0,-1.0,2.0,0.0,5.0,4.0,-1.0,-1.0,2.0,0.0,-3.0,2.0,3.0,2.0,-4.0,274.0,Si Woo Kim,37455,962.0,150.0,135.0,13.0,21.0,21.0,20.0,150.0,31.0,13.0,8.0,13.0,84.0,9.0,24.0,-0.3,13.0,0.548,0.247,0.4,54.24,2958.083,40489.0,138.0,73.0,73.0,35.091,15.779,25.601,-22.741,-22.741,-22.741,53.744,76.485,5076.0,5076.0
846.0,285.0,50.77%,52.03%,65.01%,"7' 8""",-0.38,312.2,-0.61,70.68,71.582,-0.38,-0.264,-0.564,-0.23,0.597,329.0,550.0,44.0,44.0,44.0,44.0,44.0,44.0,44.0,296.0,0.0,-1.0,-3.0,-1.0,-4.0,-8.0,0.0,-1.0,-2.0,7.0,-2.0,-11.0,-11.0,-1.0,154.0,Alejandro Tosti,38991,648.0,152.0,9.0,172.0,155.0,149.0,148.0,152.0,153.0,174.0,97.0,169.0,123.0,131.0,13.0,-0.3,174.0,-0.564,-0.264,0.597,45.121,2194.0,29348.0,94.0,50.0,50.0,-24.795,-11.595,26.251,-16.719,-16.719,-16.719,-26.856,-10.137,3534.0,3534.0
882.0,278.0,57.52%,58.30%,67.91%,"6' 9""",-0.121,297.4,-0.058,70.43,71.351,-0.121,-0.043,0.356,0.063,-0.251,390.0,599.0,47.0,47.0,47.0,47.0,47.0,47.0,47.0,283.0,7.0,15.0,1.0,8.0,5.0,-3.0,7.0,2.0,-6.0,14.0,13.0,-3.0,4.0,-9.0,165.0,J.J. Spaun,39324,678.0,116.0,108.0,126.0,111.0,118.0,124.0,116.0,106.0,115.0,11.0,35.0,43.0,92.0,142.0,-0.28,115.0,0.356,-0.043,-0.251,45.184,1884.5,29149.0,98.0,49.0,49.0,16.752,-2.004,-11.811,-5.664,-5.664,-5.664,-2.713,2.95,3451.0,3451.0
1080.0,335.0,63.98%,67.86%,68.89%,"7' 7""",0.536,291.8,0.836,69.41,70.483,0.536,0.138,0.081,0.3,0.081,531.0,744.0,53.0,53.0,53.0,53.0,53.0,53.0,53.0,336.0,-1.0,7.0,2.0,3.0,-5.0,-6.0,-1.0,7.0,0.0,-2.0,-12.0,-4.0,5.0,10.0,228.0,Ben Silverman,39327,830.0,15.0,147.0,45.0,22.0,16.0,34.0,15.0,58.0,7.0,83.0,86.0,27.0,64.0,84.0,-0.27,7.0,0.081,0.138,0.081,67.423,2531.917,35015.0,120.0,63.0,63.0,4.274,7.291,4.31,28.412,28.412,28.412,44.288,15.875,4373.0,4373.0
1026.0,308.0,59.67%,59.73%,70.96%,"7' 2""",-0.445,310.0,0.96,69.08,70.086,-0.445,-0.123,0.737,1.404,0.79,469.0,728.0,55.0,55.0,55.0,55.0,55.0,55.0,55.0,298.0,-8.0,-2.0,0.0,-5.0,-1.0,-1.0,-8.0,-7.0,-4.0,-10.0,0.0,-1.0,0.0,-1.0,178.0,Keith Mitchell,39546,786.0,159.0,14.0,106.0,18.0,4.0,10.0,159.0,126.0,94.0,40.0,6.0,7.0,5.0,5.0,-0.31,94.0,0.737,-0.123,0.79,61.22,2207.583,35338.0,114.0,61.0,61.0,40.54,-6.786,43.466,-24.46,-24.46,-24.46,52.775,77.235,4214.0,4214.0
1134.0,390.0,64.09%,63.32%,64.90%,"6' 4""",0.095,295.8,0.814,69.72,70.558,0.095,0.286,0.075,0.719,0.358,564.0,736.0,59.0,59.0,59.0,59.0,59.0,59.0,59.0,398.0,5.0,-2.0,2.0,8.0,11.0,12.0,5.0,12.0,11.0,3.0,8.0,3.0,9.0,-5.0,252.0,Sungjae Im,39971,880.0,78.0,121.0,43.0,24.0,37.0,41.0,78.0,23.0,33.0,1.0,87.0,124.0,22.0,30.0,-0.32,33.0,0.075,0.286,0.358,56.366,2483.833,37272.0,126.0,67.0,67.0,4.425,16.858,21.113,5.613,5.613,5.613,48.023,42.41,4671.0,4671.0
972.0,255.0,54.16%,57.48%,69.03%,"7' 5""",0.107,301.5,0.025,69.76,70.782,0.107,0.066,0.168,-0.082,-0.316,404.0,671.0,45.0,45.0,45.0,45.0,45.0,45.0,45.0,301.0,1.0,4.0,-1.0,-2.0,-6.0,-4.0,1.0,2.0,-1.0,3.0,-6.0,7.0,0.0,1.0,173.0,Michael Kim,39975,746.0,74.0,70.0,160.0,103.0,43.0,59.0,74.0,75.0,135.0,68.0,70.0,23.0,109.0,150.0,-0.3,135.0,0.168,0.066,-0.316,59.332,1896.083,32265.0,107.0,58.0,58.0,7.551,2.958,-14.213,4.817,4.817,4.817,1.115,-3.703,4046.0,4046.0
1098.0,398.0,56.32%,64.90%,63.93%,"7' 3""",0.016,299.8,0.237,70.52,71.025,0.016,0.283,0.175,0.221,-0.236,481.0,702.0,55.0,55.0,55.0,55.0,55.0,55.0,55.0,396.0,-4.0,-5.0,-1.0,-14.0,-7.0,0.0,-4.0,1.0,2.0,-7.0,-21.0,-9.0,-6.0,-2.0,257.0,Max Homa,39977,854.0,95.0,84.0,142.0,80.0,132.0,90.0,95.0,25.0,20.0,47.0,67.0,141.0,70.0,141.0,-0.29,20.0,0.175,0.283,-0.236,30.538,2896.417,36580.0,122.0,61.0,61.0,9.608,15.54,-13.005,0.881,0.881,0.881,13.038,12.157,4302.0,4302.0
1278.0,378.0,64.89%,56.37%,71.13%,"7' 7""",-0.199,299.6,1.027,69.62,70.192,-0.199,-0.002,0.853,1.226,0.375,645.0,909.0,66.0,66.0,66.0,66.0,66.0,66.0,66.0,369.0,6.0,-7.0,4.0,5.0,14.0,1.0,6.0,7.0,-3.0,-2.0,0.0,1.0,1.0,-8.0,208.0,Corey Conners,39997,994.0,132.0,89.0,34.0,14.0,23.0,15.0,132.0,95.0,147.0,83.0,4.0,6.0,7.0,27.0,-0.3,147.0,0.853,-0.002,0.375,40.603,2853.667,42547.0,142.0,71.0,71.0,56.282,-0.102,24.729,-13.157,-13.157,-13.157,67.764,80.923,4943.0,4943.0
1062.0,323.0,59.00%,57.94%,69.77%,"8' 4""",0.424,302.5,0.903,69.51,70.512,0.424,-0.245,0.322,0.479,0.402,485.0,741.0,54.0,54.0,54.0,54.0,54.0,54.0,54.0,321.0,-5.0,-4.0,-8.0,0.0,0.0,6.0,-5.0,-4.0,-2.0,-24.0,14.0,13.0,4.0,5.0,186.0,Erik van Rooyen,40006,822.0,24.0,59.0,113.0,20.0,19.0,36.0,24.0,149.0,122.0,156.0,45.0,13.0,49.0,22.0,-0.32,122.0,0.322,-0.245,0.402,63.256,2679.5,35695.0,118.0,63.0,63.0,17.387,-13.239,21.696,22.9,22.9,22.9,48.743,25.845,4379.0,4379.0
792.0,227.0,69.51%,54.51%,69.19%,"8' 5""",-0.722,295.8,-0.055,70.21,71.081,-0.722,-0.086,0.438,0.667,0.314,424.0,548.0,37.0,37.0,37.0,37.0,37.0,37.0,37.0,244.0,-2.0,-1.0,-1.0,-2.0,-8.0,-5.0,-2.0,-6.0,-5.0,-12.0,-1.0,-2.0,-3.0,-9.0,133.0,Daniel Berger,40026,610.0,175.0,121.0,8.0,110.0,94.0,94.0,175.0,119.0,165.0,157.0,22.0,21.0,26.0,42.0,-0.24,165.0,0.438,-0.086,0.314,41.886,1910.083,26034.0,88.0,48.0,48.0,16.219,-3.173,11.629,-26.705,-26.705,-26.705,-2.028,24.677,3370.0,3370.0
900.0,338.0,67.82%,61.66%,63.78%,"7' 4""",-0.041,279.7,-0.04,70.35,71.106,-0.041,0.249,0.028,0.001,-0.277,472.0,574.0,49.0,49.0,49.0,49.0,49.0,49.0,49.0,326.0,-9.0,-1.0,0.0,22.0,27.0,18.0,-9.0,10.0,18.0,15.0,24.0,10.0,33.0,6.0,201.0,Zac Blair,40058,696.0,108.0,175.0,15.0,109.0,109.0,97.0,108.0,30.0,60.0,56.0,97.0,144.0,97.0,144.0,-0.27,60.0,0.028,0.249,-0.277,40.703,2470.667,27967.0,100.0,54.0,54.0,1.393,12.191,-13.564,-1.997,-1.997,-1.997,-1.963,0.033,3799.0,3799.0
1062.0,364.0,64.04%,60.11%,65.07%,"7' 4""",0.363,300.3,0.442,70.22,70.746,0.363,0.051,-0.062,0.079,0.09,529.0,691.0,54.0,54.0,54.0,54.0,54.0,54.0,54.0,371.0,18.0,-8.0,-3.0,-2.0,11.0,14.0,18.0,-8.0,0.0,-26.0,-4.0,3.0,-9.0,-7.0,223.0,Matt Fitzpatrick,40098,826.0,28.0,80.0,44.0,55.0,96.0,56.0,28.0,79.0,87.0,56.0,113.0,121.0,91.0,83.0,-0.32,87.0,-0.062,0.051,0.09,30.995,2678.0,35441.0,118.0,59.0,59.0,-3.33,2.738,4.865,19.585,19.585,19.585,23.871,4.286,4143.0,4143.0
1350.0,480.0,64.15%,61.59%,65.48%,"7' 2""",-0.608,297.2,-0.108,70.65,71.237,-0.608,0.072,0.359,0.5,0.068,671.0,884.0,73.0,73.0,73.0,73.0,73.0,73.0,73.0,466.0,-2.0,-9.0,2.0,0.0,-12.0,-2.0,-2.0,3.0,-4.0,0.0,0.0,-8.0,-4.0,-5.0,287.0,Adam Svensson,40115,1046.0,169.0,113.0,41.0,117.0,146.0,111.0,169.0,73.0,62.0,40.0,34.0,111.0,46.0,87.0,-0.25,62.0,0.359,0.072,0.068,43.757,3441.417,44581.0,150.0,75.0,75.0,26.217,5.289,4.976,-44.367,-44.367,-44.367,-7.885,36.482,5299.0,5299.0
1134.0,331.0,60.41%,58.89%,68.25%,"8' 2""",0.266,295.9,0.076,70.04,70.806,0.266,-0.145,0.162,-0.19,-0.207,525.0,774.0,58.0,58.0,58.0,58.0,58.0,58.0,58.0,360.0,-1.0,-5.0,4.0,-7.0,-2.0,-1.0,-1.0,-21.0,-6.0,-16.0,-11.0,0.0,-13.0,3.0,212.0,Justin Lower,40162,869.0,52.0,120.0,96.0,95.0,71.0,65.0,52.0,133.0,107.0,148.0,73.0,38.0,124.0,135.0,-0.26,107.0,0.162,-0.145,-0.207,51.033,2705.25,37282.0,126.0,67.0,67.0,9.382,-8.397,-12.005,15.435,15.435,15.435,4.416,-11.02,4693.0,4693.0
1008.0,354.0,57.35%,61.21%,65.48%,"8' 2""",0.555,309.7,0.658,69.93,70.4,0.555,0.096,-0.011,0.102,0.016,445.0,660.0,51.0,51.0,51.0,51.0,51.0,51.0,51.0,348.0,3.0,-7.0,-2.0,-2.0,-6.0,-5.0,3.0,2.0,1.0,-3.0,-5.0,-8.0,-3.0,-1.0,213.0,Taylor Pendrith,40250,776.0,12.0,19.0,132.0,37.0,56.0,28.0,12.0,68.0,68.0,148.0,106.0,111.0,88.0,94.0,-0.31,68.0,-0.011,0.096,0.016,27.593,2890.917,34686.0,112.0,59.0,59.0,-0.541,4.921,0.836,28.323,28.323,28.323,33.54,5.216,4126.0,4126.0
1098.0,375.0,60.47%,57.96%,63.39%,"7' 10""",-0.235,300.1,-0.439,70.75,71.442,-0.235,0.0,-0.063,-0.204,-0.14,514.0,696.0,56.0,56.0,56.0,56.0,56.0,56.0,56.0,402.0,-12.0,6.0,4.0,7.0,7.0,13.0,-12.0,25.0,6.0,12.0,1.0,2.0,17.0,8.0,233.0,Cam Davis,45157,850.0,137.0,82.0,94.0,146.0,154.0,137.0,137.0,93.0,121.0,120.0,114.0,150.0,125.0,124.0,-0.3,121.0,-0.063,0.0,-0.14,44.257,2932.0,36608.0,122.0,64.0,64.0,-3.553,-0.02,-7.832,-13.174,-13.174,-13.174,-24.578,-11.404,4528.0,4528.0
918.0,253.0,58.03%,59.70%,71.35%,"8' 3""",-0.511,309.7,0.298,69.67,70.675,-0.511,-0.362,0.545,0.808,0.625,412.0,655.0,47.0,47.0,47.0,47.0,47.0,47.0,47.0,263.0,-6.0,-8.0,-4.0,-18.0,-8.0,-8.0,-6.0,-2.0,-11.0,-3.0,-1.0,0.0,-2.0,-2.0,157.0,Kevin Yu,45242,710.0,165.0,19.0,122.0,72.0,29.0,52.0,165.0,163.0,96.0,152.0,14.0,5.0,19.0,11.0,-0.25,96.0,0.545,-0.362,0.625,55.103,2095.833,31590.0,102.0,55.0,55.0,25.609,-17.01,29.392,-23.998,-23.998,-23.998,13.993,37.991,3832.0,3832.0
1044.0,373.0,61.34%,65.04%,62.74%,"7' 2""",0.562,289.0,0.973,69.71,70.105,0.562,0.188,0.327,0.411,-0.104,495.0,655.0,56.0,56.0,56.0,56.0,56.0,56.0,56.0,389.0,-2.0,-3.0,7.0,-2.0,-5.0,-1.0,-2.0,-2.0,0.0,-10.0,-2.0,-1.0,-3.0,-1.0,253.0,Christiaan Bezuidenhout,45522,807.0,11.0,160.0,78.0,17.0,36.0,11.0,11.0,50.0,18.0,40.0,44.0,157.0,59.0,118.0,-0.31,18.0,0.327,0.188,-0.104,24.504,2660.833,33525.0,116.0,62.0,62.0,18.313,10.52,-5.83,31.46,31.46,31.46,54.479,23.019,4322.0,4322.0
792.0,246.0,66.01%,62.26%,66.54%,"7' 5""",-0.324,293.7,-0.508,70.48,71.505,-0.324,0.011,-0.421,-0.183,0.227,404.0,527.0,37.0,37.0,37.0,37.0,37.0,37.0,37.0,265.0,-4.0,3.0,0.0,-7.0,-9.0,-9.0,-4.0,-7.0,-5.0,3.0,-5.0,-11.0,-6.0,-4.0,165.0,Tyler Duncan,45609,612.0,147.0,132.0,25.0,150.0,126.0,143.0,147.0,91.0,50.0,68.0,163.0,77.0,122.0,53.0,-0.24,50.0,-0.421,0.011,0.227,49.258,1831.0,25551.0,87.0,48.0,48.0,-15.594,0.405,8.386,-11.992,-11.992,-11.992,-18.78,-6.788,3383.0,3383.0
990.0,294.0,66.75%,68.36%,74.14%,"6' 5""",0.037,302.3,2.76,67.78,68.483,0.037,0.4,1.485,2.723,0.838,514.0,734.0,50.0,50.0,50.0,50.0,50.0,50.0,50.0,256.0,-1.0,-7.0,1.0,0.0,0.0,0.0,-1.0,0.0,1.0,-1.0,0.0,0.0,0.0,-1.0,175.0,Scottie Scheffler,46046,770.0,90.0,62.0,20.0,1.0,1.0,1.0,90.0,9.0,4.0,3.0,1.0,1.0,1.0,4.0,-0.37,4.0,1.485,0.4,0.838,41.501,1880.583,33256.0,110.0,59.0,59.0,74.268,19.988,41.882,1.837,1.837,1.837,137.988,136.154,3999.0,3999.0
720.0,203.0,50.36%,56.49%,66.81%,"7' 8""",0.388,306.7,-0.244,70.53,71.885,0.388,-0.13,0.115,-0.632,-0.617,278.0,481.0,33.0,33.0,33.0,33.0,33.0,33.0,33.0,239.0,26.0,5.0,-2.0,11.0,16.0,3.0,26.0,-4.0,-7.0,7.0,10.0,6.0,-1.0,-1.0,135.0,Ryan McCormick,46113,552.0,26.0,33.0,173.0,130.0,133.0,160.0,26.0,128.0,143.0,97.0,80.0,66.0,154.0,171.0,-0.31,143.0,0.115,-0.13,-0.617,58.068,1555.75,24537.0,80.0,43.0,43.0,3.803,-4.304,-20.355,12.808,12.808,12.808,-8.045,-20.855,3033.0,3033.0
792.0,238.0,59.67%,57.03%,66.79%,"7' 2""",-0.509,304.8,-0.895,70.58,71.814,-0.509,-0.338,-0.248,-0.386,0.2,364.0,529.0,38.0,38.0,38.0,38.0,38.0,38.0,38.0,263.0,6.0,1.0,-15.0,-1.0,15.0,3.0,6.0,4.0,8.0,18.0,0.0,-2.0,3.0,-3.0,150.0,Alex Smalley,46340,610.0,164.0,47.0,106.0,166.0,136.0,158.0,164.0,160.0,140.0,40.0,130.0,68.0,145.0,56.0,-0.28,140.0,-0.248,-0.338,0.2,59.056,1696.667,26822.0,88.0,48.0,48.0,-9.438,-12.841,7.609,-19.357,-19.357,-19.357,-34.027,-14.672,3388.0,3388.0
1188.0,339.0,72.97%,65.75%,72.47%,"7' 0""",0.208,293.3,1.377,69.04,69.847,0.208,0.202,0.623,1.168,0.343,664.0,861.0,59.0,59.0,59.0,59.0,59.0,59.0,59.0,327.0,16.0,1.0,0.0,1.0,1.0,-1.0,16.0,13.0,7.0,6.0,0.0,0.0,0.0,-3.0,215.0,Aaron Rai,46414,910.0,54.0,138.0,1.0,4.0,3.0,7.0,54.0,44.0,10.0,24.0,7.0,3.0,10.0,34.0,-0.29,10.0,0.623,0.202,0.343,55.472,2370.5,38710.0,132.0,69.0,69.0,36.761,11.905,20.238,12.3,12.3,12.3,81.219,68.919,4764.0,4764.0
936.0,333.0,58.77%,59.59%,63.25%,"6' 5""",0.022,291.3,-0.124,70.35,71.224,0.022,0.357,0.06,-0.146,-0.563,422.0,592.0,51.0,51.0,51.0,51.0,51.0,51.0,51.0,344.0,16.0,-1.0,-4.0,-1.0,-2.0,-6.0,16.0,-10.0,-2.0,-2.0,-8.0,-5.0,-10.0,3.0,205.0,Robby Shelton,46441,718.0,93.0,150.0,115.0,119.0,109.0,107.0,93.0,16.0,97.0,3.0,88.0,152.0,116.0,166.0,-0.3,97.0,0.06,0.357,-0.563,48.33,2131.25,30293.0,104.0,55.0,55.0,3.077,18.187,-28.716,1.147,1.147,1.147,-6.303,-7.452,3869.0,3869.0
1026.0,364.0,60.51%,66.48%,65.69%,"6' 8""",0.361,304.0,0.998,69.33,70.283,0.361,0.382,-0.14,0.637,0.395,478.0,674.0,55.0,55.0,55.0,55.0,55.0,55.0,55.0,352.0,2.0,-3.0,2.0,-1.0,-3.0,-6.0,2.0,1.0,1.0,1.0,-3.0,-9.0,1.0,-2.0,234.0,Maverick McNealy,46442,790.0,29.0,49.0,93.0,15.0,10.0,21.0,29.0,13.0,8.0,8.0,121.0,105.0,35.0,25.0,-0.33,8.0,-0.14,0.382,0.395,56.969,2439.333,34651.0,114.0,60.0,60.0,-7.69,20.985,21.717,19.87,19.87,19.87,54.897,35.027,4160.0,4160.0
774.0,255.0,62.13%,54.07%,68.22%,"8' 7""",0.304,301.2,0.593,70.19,70.847,0.304,-0.645,0.309,0.289,0.626,374.0,528.0,40.0,40.0,40.0,40.0,40.0,40.0,40.0,246.0,12.0,-1.0,-2.0,0.0,19.0,14.0,12.0,-2.0,-6.0,-1.0,-16.0,5.0,-11.0,-2.0,133.0,Viktor Hovland,46717,602.0,43.0,74.0,67.0,40.0,88.0,74.0,43.0,176.0,168.0,162.0,47.0,39.0,66.0,10.0,-0.34,168.0,0.309,-0.645,0.626,28.433,2187.833,25900.0,86.0,43.0,43.0,12.354,-25.809,25.02,12.142,12.142,12.142,23.72,11.579,3018.0,3018.0
594.0,155.0,63.66%,59.51%,65.49%,"7' 6""",-0.415,289.4,-1.309,70.7,71.987,-0.415,-0.137,-0.407,-0.894,-0.349,289.0,389.0,24.0,24.0,24.0,24.0,24.0,24.0,24.0,205.0,-17.0,2.0,4.0,-2.0,-27.0,-5.0,-17.0,-1.0,-8.0,-10.0,-16.0,-12.0,-4.0,0.0,122.0,Harrison Endycott,47079,454.0,156.0,159.0,48.0,168.0,152.0,163.0,156.0,132.0,100.0,76.0,157.0,110.0,165.0,152.0,-0.25,100.0,-0.407,-0.137,-0.349,47.517,1164.333,18812.0,65.0,37.0,37.0,-9.775,-3.289,-8.386,-9.966,-9.966,-9.966,-31.414,-21.449,2616.0,2616.0
1188.0,403.0,61.15%,60.05%,64.81%,"7' 9""",0.043,301.0,-0.214,70.64,71.536,0.043,-0.077,-0.393,-0.257,0.213,565.0,770.0,60.0,60.0,60.0,60.0,60.0,60.0,60.0,418.0,-2.0,-4.0,1.0,-2.0,-11.0,-4.0,-2.0,-3.0,4.0,-5.0,0.0,-6.0,-6.0,-3.0,251.0,Adam Schenk,47347,924.0,88.0,75.0,81.0,128.0,143.0,145.0,88.0,117.0,89.0,109.0,155.0,125.0,132.0,55.0,-0.28,89.0,-0.393,-0.077,0.213,61.95,3134.583,39732.0,132.0,69.0,69.0,-23.607,-4.609,12.805,2.582,2.582,2.582,-12.814,-15.397,4874.0,4874.0
1152.0,362.0,57.19%,56.46%,65.71%,"7' 10""",0.037,309.3,0.073,70.61,71.419,0.037,-0.214,0.239,0.036,0.01,509.0,757.0,59.0,59.0,59.0,59.0,59.0,59.0,59.0,395.0,-1.0,-5.0,-2.0,-1.0,-10.0,-2.0,-1.0,-2.0,-2.0,-6.0,-2.0,-9.0,0.0,-3.0,223.0,Jake Knapp,47420,890.0,90.0,23.0,134.0,96.0,139.0,135.0,90.0,146.0,144.0,120.0,61.0,104.0,95.0,98.0,-0.31,144.0,0.239,-0.214,0.01,54.091,2822.25,39594.0,128.0,67.0,67.0,14.104,-12.613,0.611,2.193,2.193,2.193,4.308,2.115,4731.0,4731.0
900.0,314.0,60.52%,61.54%,63.89%,"7' 7""",-0.288,299.8,-0.082,70.63,70.997,-0.288,-0.116,0.246,0.206,0.076,420.0,575.0,45.0,45.0,45.0,45.0,45.0,45.0,45.0,325.0,-1.0,-5.0,-15.0,-12.0,-11.0,-3.0,-1.0,0.0,-2.0,11.0,-9.0,-11.0,-11.0,-17.0,200.0,Will Zalatoris,47483,694.0,143.0,84.0,91.0,115.0,141.0,87.0,143.0,125.0,63.0,83.0,59.0,142.0,74.0,85.0,-0.25,63.0,0.246,-0.116,0.076,19.863,2374.833,29981.0,100.0,54.0,54.0,11.092,-5.218,3.41,-12.966,-12.966,-12.966,-3.684,9.282,3814.0,3814.0
954.0,328.0,63.31%,62.43%,64.57%,"7' 10""",0.324,305.7,0.791,69.75,70.469,0.324,0.089,0.016,0.467,0.362,471.0,616.0,50.0,50.0,50.0,50.0,50.0,50.0,50.0,338.0,-1.0,-2.0,4.0,1.0,-6.0,-2.0,-1.0,2.0,-2.0,-6.0,-4.0,-6.0,-4.0,0.0,211.0,Sam Burns,47504,744.0,37.0,39.0,51.0,28.0,40.0,32.0,37.0,70.0,48.0,120.0,101.0,129.0,50.0,29.0,-0.34,48.0,0.016,0.089,0.362,40.736,2569.0,32399.0,106.0,57.0,57.0,0.792,4.447,18.099,16.183,16.183,16.183,39.533,23.351,3976.0,3976.0
1350.0,478.0,60.04%,61.11%,61.33%,"6' 9""",0.273,297.8,0.124,70.41,71.144,0.273,0.139,0.013,-0.149,-0.302,628.0,828.0,69.0,69.0,69.0,69.0,69.0,69.0,69.0,522.0,5.0,-3.0,-13.0,3.0,3.0,8.0,5.0,6.0,-4.0,0.0,-12.0,-4.0,-5.0,-5.0,319.0,Eric Cole,47591,1046.0,48.0,103.0,105.0,90.0,116.0,100.0,48.0,57.0,69.0,11.0,102.0,171.0,117.0,147.0,-0.33,69.0,0.013,0.139,-0.302,58.41,3237.75,44677.0,150.0,79.0,79.0,0.92,9.599,-20.818,18.833,18.833,18.833,8.533,-10.301,5562.0,5562.0
720.0,229.0,57.12%,58.22%,68.75%,"7' 9""",-0.149,316.1,0.042,70.21,71.405,-0.149,-0.423,-0.376,0.191,0.989,313.0,495.0,35.0,35.0,35.0,35.0,35.0,35.0,35.0,225.0,-7.0,-1.0,1.0,3.0,2.0,1.0,-7.0,2.0,2.0,14.0,7.0,7.0,7.0,0.0,131.0,Kevin Dougherty,47663,548.0,120.0,3.0,135.0,101.0,94.0,131.0,120.0,167.0,116.0,109.0,150.0,30.0,79.0,1.0,-0.28,116.0,-0.376,-0.423,0.989,51.407,1781.0,25288.0,80.0,43.0,43.0,-13.144,-14.794,34.61,-5.212,-5.212,-5.212,1.463,6.674,3019.0,3019.0
1044.0,287.0,60.40%,59.45%,68.58%,"7' 3""",0.099,300.9,0.514,69.84,70.33,0.099,-0.067,0.332,0.415,0.15,482.0,716.0,49.0,49.0,49.0,49.0,49.0,49.0,49.0,328.0,24.0,1.0,-1.0,15.0,16.0,10.0,24.0,-17.0,15.0,-7.0,-2.0,5.0,-4.0,6.0,195.0,Victor Perez,47679,798.0,76.0,77.0,97.0,45.0,51.0,24.0,76.0,115.0,102.0,47.0,42.0,33.0,57.0,71.0,-0.28,102.0,0.332,-0.067,0.15,28.163,2091.833,34603.0,115.0,58.0,58.0,16.249,-3.285,7.366,4.836,4.836,4.836,25.166,20.331,4051.0,4051.0
864.0,270.0,63.14%,57.62%,65.05%,"7' 1""",0.349,292.8,-0.328,70.49,71.451,0.349,-0.048,-0.489,-0.677,-0.14,418.0,562.0,43.0,43.0,43.0,43.0,43.0,43.0,43.0,302.0,-8.0,0.0,-5.0,4.0,1.0,-3.0,-8.0,-5.0,-8.0,-12.0,5.0,16.0,2.0,1.0,174.0,Chad Ramey,47983,662.0,32.0,143.0,55.0,136.0,129.0,138.0,32.0,108.0,133.0,31.0,167.0,122.0,157.0,124.0,-0.28,133.0,-0.489,-0.048,-0.14,49.018,1910.75,28104.0,96.0,51.0,51.0,-21.016,-2.054,-6.038,14.997,14.997,14.997,-14.11,-29.11,3595.0,3595.0
1026.0,305.0,56.66%,57.89%,68.52%,"8' 10""",-0.17,301.7,-0.352,70.65,71.695,-0.17,-0.507,0.086,-0.182,0.239,451.0,703.0,53.0,53.0,53.0,53.0,53.0,53.0,53.0,323.0,-25.0,1.0,3.0,-3.0,-3.0,-3.0,-25.0,1.0,-1.0,-1.0,14.0,8.0,16.0,3.0,187.0,Nick Hardy,47988,796.0,125.0,68.0,140.0,139.0,146.0,154.0,125.0,171.0,124.0,168.0,85.0,34.0,121.0,52.0,-0.27,124.0,0.086,-0.507,0.239,59.611,2683.667,34095.0,113.0,57.0,57.0,4.57,-26.848,12.644,-9.003,-9.003,-9.003,-18.634,-9.633,4027.0,4027.0
1242.0,445.0,61.88%,67.92%,61.35%,"6' 10""",0.705,289.7,0.67,70.07,70.58,0.705,0.377,-0.082,-0.036,-0.331,599.0,762.0,64.0,64.0,64.0,64.0,64.0,64.0,64.0,480.0,0.0,-2.0,-1.0,-14.0,-21.0,-13.0,0.0,1.0,-2.0,6.0,-11.0,-9.0,-9.0,-6.0,326.0,Denny McCarthy,47993,968.0,2.0,157.0,72.0,36.0,73.0,42.0,2.0,14.0,6.0,13.0,115.0,170.0,102.0,151.0,-0.32,6.0,-0.082,0.377,-0.331,35.016,3044.75,39982.0,138.0,69.0,69.0,-5.221,24.135,-21.203,45.129,45.129,45.129,42.854,-2.275,4835.0,4835.0
954.0,339.0,58.29%,57.06%,64.36%,"8' 0""",0.174,302.2,-0.765,70.66,71.995,0.174,-0.127,-0.386,-0.939,-0.426,429.0,614.0,51.0,51.0,51.0,51.0,51.0,51.0,51.0,340.0,2.0,-3.0,-6.0,-5.0,-14.0,0.0,2.0,0.0,-2.0,-6.0,0.0,-5.0,-2.0,-4.0,194.0,Davis Riley,47995,736.0,61.0,63.0,120.0,162.0,148.0,165.0,61.0,127.0,139.0,138.0,153.0,133.0,166.0,158.0,-0.3,139.0,-0.386,-0.127,-0.426,74.728,2712.0,32032.0,106.0,56.0,56.0,-19.673,-6.477,-21.74,8.855,8.855,8.855,-39.033,-47.888,3957.0,3957.0
1062.0,362.0,61.68%,70.35%,70.15%,"7' 7""",0.581,306.3,2.201,68.56,69.191,0.581,0.24,0.779,1.619,0.6,507.0,745.0,53.0,53.0,53.0,53.0,53.0,53.0,53.0,317.0,2.0,-2.0,-5.0,0.0,0.0,0.0,2.0,-6.0,0.0,-2.0,0.0,3.0,-1.0,-2.0,223.0,Xander Schauffele,48081,822.0,10.0,37.0,75.0,2.0,2.0,2.0,10.0,34.0,1.0,83.0,5.0,11.0,3.0,12.0,-0.33,1.0,0.779,0.24,0.6,40.053,2750.0,36138.0,118.0,63.0,63.0,41.295,12.74,31.78,30.81,30.81,30.81,116.638,85.828,4319.0,4319.0
1026.0,327.0,59.32%,62.57%,65.89%,"6' 10""",-0.378,306.5,0.326,70.02,70.823,-0.378,0.025,0.271,0.704,0.408,471.0,676.0,52.0,52.0,52.0,52.0,52.0,52.0,52.0,350.0,2.0,2.0,-6.0,8.0,12.0,18.0,2.0,10.0,6.0,1.0,-10.0,-10.0,1.0,2.0,219.0,Kurt Kitayama,48117,794.0,151.0,34.0,110.0,68.0,69.0,67.0,151.0,87.0,45.0,13.0,54.0,101.0,24.0,20.0,-0.29,45.0,0.271,0.025,0.408,45.914,2224.333,34936.0,114.0,57.0,57.0,14.089,1.288,21.211,-19.65,-19.65,-19.65,16.95,36.6,3991.0,3991.0
684.0,255.0,49.24%,54.61%,60.38%,"7' 7""",0.097,299.8,-1.41,71.78,72.753,0.097,0.044,-0.865,-1.507,-0.685,259.0,413.0,37.0,37.0,37.0,37.0,37.0,37.0,37.0,271.0,34.0,19.0,0.0,1.0,2.0,3.0,34.0,5.0,4.0,31.0,0.0,-1.0,3.0,1.0,148.0,Ben Taylor,48119,526.0,77.0,84.0,175.0,171.0,173.0,172.0,77.0,83.0,164.0,83.0,174.0,176.0,172.0,172.0,-0.26,164.0,-0.865,0.044,-0.685,39.864,1940.5,22786.0,76.0,41.0,41.0,-32.014,1.619,-25.349,3.589,3.589,3.589,-52.154,-55.746,2943.0,2943.0
846.0,241.0,63.26%,57.69%,66.19%,"8' 9""",0.181,297.4,0.11,70.43,70.856,0.181,-0.423,0.347,-0.071,0.005,415.0,560.0,41.0,41.0,41.0,41.0,41.0,41.0,41.0,286.0,-15.0,-12.0,-2.0,-18.0,-12.0,-17.0,-15.0,-1.0,-17.0,-1.0,-3.0,3.0,-6.0,-16.0,165.0,Matthieu Pavon,48153,656.0,58.0,108.0,53.0,93.0,118.0,77.0,58.0,167.0,130.0,167.0,38.0,89.0,106.0,100.0,-0.28,130.0,0.347,-0.423,0.005,21.671,2102.75,27960.0,94.0,51.0,51.0,14.224,-17.337,0.204,7.435,7.435,7.435,4.524,-2.91,3592.0,3592.0
756.0,207.0,64.83%,54.73%,67.86%,"8' 7""",-0.554,296.8,-0.774,71.07,72.075,-0.554,-0.539,0.053,-0.221,0.265,376.0,513.0,33.0,33.0,33.0,33.0,33.0,33.0,33.0,243.0,-6.0,-1.0,-1.0,-1.0,1.0,-1.0,-6.0,0.0,-3.0,-3.0,2.0,3.0,3.0,-4.0,133.0,Tom Whitney,48319,580.0,168.0,115.0,35.0,164.0,163.0,168.0,168.0,173.0,163.0,162.0,90.0,45.0,130.0,48.0,-0.24,163.0,0.053,-0.539,0.265,45.356,1771.833,24934.0,84.0,45.0,45.0,1.75,-17.793,8.756,-18.274,-18.274,-18.274,-25.557,-7.285,3198.0,3198.0
828.0,272.0,53.00%,53.51%,63.89%,"7' 8""",-0.473,308.6,-1.127,71.27,72.121,-0.473,-0.185,-0.295,-0.654,-0.173,336.0,529.0,41.0,41.0,41.0,41.0,41.0,41.0,41.0,299.0,1.0,3.0,0.0,3.0,0.0,0.0,1.0,9.0,-2.0,35.0,9.0,6.0,7.0,9.0,160.0,Callum Tarren,48699,634.0,163.0,26.0,166.0,167.0,169.0,169.0,163.0,141.0,171.0,97.0,133.0,142.0,156.0,130.0,-0.26,171.0,-0.295,-0.185,-0.173,41.931,2096.167,28389.0,92.0,49.0,49.0,-12.109,-7.59,-7.101,-19.392,-19.392,-19.392,-46.189,-26.799,3492.0,3492.0
864.0,271.0,57.58%,57.64%,66.67%,"7' 11""",0.108,305.2,-0.312,70.37,71.239,0.108,-0.234,-0.286,-0.42,0.1,380.0,576.0,39.0,39.0,39.0,39.0,39.0,39.0,39.0,288.0,-5.0,1.0,-4.0,-7.0,-2.0,0.0,-5.0,0.0,0.0,-25.0,-4.0,-22.0,-1.0,9.0,166.0,Matti Schmid,48867,660.0,73.0,42.0,124.0,135.0,112.0,112.0,73.0,147.0,131.0,129.0,132.0,72.0,148.0,81.0,-0.3,131.0,-0.286,-0.234,0.1,44.209,2134.917,28996.0,95.0,51.0,51.0,-11.165,-9.134,3.903,4.211,4.211,4.211,-12.168,-16.381,3589.0,3589.0
864.0,282.0,52.86%,62.78%,69.21%,"7' 10""",0.063,299.6,0.256,69.51,70.843,0.063,0.234,0.261,0.193,-0.302,351.0,598.0,47.0,47.0,47.0,47.0,47.0,47.0,47.0,266.0,-17.0,-2.0,-5.0,-7.0,-7.0,-5.0,-17.0,-13.0,-2.0,-26.0,9.0,9.0,3.0,0.0,167.0,Matt Wallace,48887,664.0,83.0,89.0,167.0,78.0,19.0,72.0,83.0,37.0,42.0,120.0,56.0,20.0,78.0,147.0,-0.28,42.0,0.261,0.234,-0.302,67.995,2204.583,28764.0,96.0,51.0,51.0,12.277,10.984,-14.2,2.962,2.962,2.962,12.022,9.059,3545.0,3545.0
1134.0,367.0,67.27%,59.90%,65.26%,"7' 1""",0.3,289.7,0.328,70.01,70.748,0.3,0.201,-0.14,0.028,-0.033,596.0,740.0,58.0,58.0,58.0,58.0,58.0,58.0,58.0,394.0,-6.0,-2.0,1.0,3.0,-9.0,-1.0,-6.0,0.0,5.0,-1.0,-3.0,-6.0,2.0,-2.0,236.0,J.T. Poston,49771,886.0,44.0,157.0,19.0,67.0,68.0,57.0,44.0,45.0,92.0,31.0,121.0,115.0,96.0,107.0,-0.31,92.0,-0.14,0.201,-0.033,49.101,2595.333,36498.0,126.0,67.0,67.0,-8.093,11.664,-1.942,17.407,17.407,17.407,19.049,1.643,4691.0,4691.0
1206.0,420.0,59.01%,60.34%,65.92%,"7' 11""",0.088,303.3,0.016,70.6,71.225,0.088,0.059,-0.316,-0.071,0.186,550.0,795.0,61.0,61.0,61.0,61.0,61.0,61.0,61.0,411.0,2.0,-3.0,-2.0,-14.0,-14.0,-6.0,2.0,-7.0,-2.0,-35.0,-1.0,-4.0,-15.0,-11.0,248.0,Taylor Moore,49947,932.0,80.0,53.0,112.0,105.0,138.0,108.0,80.0,76.0,86.0,129.0,137.0,98.0,106.0,58.0,-0.28,86.0,-0.316,0.059,0.186,42.071,3311.25,40648.0,134.0,67.0,67.0,-19.285,3.614,11.322,5.339,5.339,5.339,1.004,-4.335,4730.0,4730.0
1062.0,326.0,72.03%,60.47%,68.08%,"8' 5""",-0.08,292.7,0.407,70.37,70.833,-0.08,-0.203,0.36,0.487,0.33,595.0,723.0,53.0,53.0,53.0,53.0,53.0,53.0,53.0,339.0,-5.0,-4.0,1.0,-7.0,1.0,2.0,-5.0,-3.0,12.0,2.0,5.0,-6.0,-3.0,-3.0,205.0,Sepp Straka,49960,826.0,112.0,144.0,2.0,58.0,112.0,70.0,112.0,143.0,83.0,157.0,32.0,41.0,48.0,38.0,-0.27,83.0,0.36,-0.203,0.33,27.121,2750.25,34537.0,118.0,59.0,59.0,19.063,-10.775,17.508,-4.261,-4.261,-4.261,21.549,25.81,4152.0,4152.0
1314.0,472.0,54.55%,61.72%,61.04%,"7' 4""",0.505,302.2,0.181,70.12,70.96,0.505,0.237,-0.376,-0.324,-0.185,552.0,802.0,65.0,65.0,65.0,65.0,65.0,65.0,65.0,512.0,-2.0,-5.0,-4.0,0.0,-4.0,-7.0,-2.0,-6.0,-6.0,10.0,6.0,0.0,1.0,-3.0,316.0,S.H. Kim,50188,1012.0,18.0,63.0,157.0,83.0,79.0,83.0,18.0,36.0,57.0,56.0,150.0,172.0,138.0,133.0,-0.35,57.0,-0.376,0.237,-0.185,63.944,3464.333,44126.0,146.0,76.0,76.0,-24.457,15.415,-12.034,32.852,32.852,32.852,11.776,-21.075,5329.0,5329.0
792.0,260.0,57.76%,59.54%,66.92%,"7' 9""",0.216,311.7,0.314,69.94,70.994,0.216,-0.049,-0.188,0.098,0.335,350.0,530.0,37.0,37.0,37.0,37.0,37.0,37.0,37.0,262.0,6.0,4.0,-1.0,8.0,7.0,0.0,6.0,-10.0,4.0,14.0,7.0,1.0,0.0,-9.0,156.0,Hayden Springer,50484,606.0,53.0,10.0,123.0,69.0,57.0,86.0,53.0,109.0,99.0,109.0,126.0,62.0,89.0,37.0,-0.32,99.0,-0.188,-0.049,0.335,49.735,2025.5,27114.0,87.0,47.0,47.0,-6.97,-1.795,12.393,8.002,8.002,8.002,11.633,3.628,3287.0,3287.0
792.0,218.0,60.36%,53.02%,64.52%,"9' 2""",0.639,299.7,-0.758,70.81,71.873,0.639,-0.465,-0.755,-1.398,-0.177,367.0,511.0,39.0,39.0,39.0,39.0,39.0,39.0,39.0,281.0,4.0,-2.0,0.0,-1.0,-2.0,0.0,4.0,1.0,-3.0,-1.0,-2.0,-9.0,0.0,3.0,149.0,Justin Suh,50493,608.0,4.0,87.0,99.0,161.0,158.0,159.0,4.0,169.0,173.0,173.0,173.0,130.0,171.0,131.0,-0.29,173.0,-0.755,-0.465,-0.177,50.024,1999.417,26370.0,88.0,47.0,47.0,-29.435,-18.153,-6.92,24.937,24.937,24.937,-29.571,-54.51,3328.0,3328.0
900.0,245.0,54.77%,53.90%,65.78%,"7' 11""",-0.268,302.6,-1.363,70.74,71.993,-0.268,-0.263,-0.402,-1.096,-0.431,379.0,592.0,41.0,41.0,41.0,41.0,41.0,41.0,41.0,308.0,-9.0,4.0,5.0,-3.0,-6.0,-2.0,-9.0,-3.0,-6.0,14.0,-7.0,-9.0,-1.0,1.0,166.0,Adrien Dumont de Chassart,50497,692.0,141.0,58.0,153.0,170.0,153.0,164.0,141.0,151.0,169.0,129.0,156.0,102.0,169.0,159.0,-0.28,169.0,-0.402,-0.263,-0.431,66.629,1930.333,30255.0,100.0,53.0,53.0,-16.481,-10.782,-17.667,-10.97,-10.97,-10.97,-55.9,-44.93,3749.0,3749.0
1062.0,379.0,72.03%,64.21%,65.54%,"6' 10""",0.151,294.1,1.372,69.36,69.77,0.151,0.386,0.34,1.221,0.495,595.0,696.0,53.0,53.0,53.0,53.0,53.0,53.0,53.0,366.0,12.0,-4.0,0.0,1.0,6.0,1.0,12.0,1.0,-3.0,1.0,6.0,8.0,1.0,-3.0,235.0,Collin Morikawa,50525,826.0,66.0,131.0,2.0,5.0,11.0,4.0,66.0,12.0,27.0,13.0,39.0,108.0,8.0,16.0,-0.35,27.0,0.34,0.386,0.495,24.442,2577.417,34704.0,118.0,59.0,59.0,18.003,20.444,26.246,8.017,8.017,8.017,72.725,64.708,4092.0,4092.0
774.0,267.0,57.43%,53.53%,68.86%,"9' 3""",-0.96,310.9,-1.344,71.63,72.39,-0.96,-0.323,-0.342,-0.384,0.28,344.0,533.0,42.0,42.0,42.0,42.0,42.0,42.0,42.0,241.0,-2.0,-2.0,3.0,-1.0,-1.0,-1.0,-2.0,-3.0,-3.0,-2.0,5.0,-4.0,2.0,0.0,129.0,Vincent Norrman,51070,599.0,177.0,11.0,130.0,169.0,171.0,171.0,177.0,158.0,170.0,174.0,144.0,28.0,144.0,45.0,-0.18,170.0,-0.342,-0.323,0.28,32.757,2459.917,26741.0,86.0,43.0,43.0,-14.348,-13.561,11.777,-40.326,-40.326,-40.326,-56.454,-16.13,3080.0,3080.0
1044.0,319.0,62.59%,59.87%,69.92%,"7' 3""",-0.149,295.4,0.282,69.82,70.797,-0.149,0.205,0.211,0.431,0.015,502.0,730.0,51.0,51.0,51.0,51.0,51.0,51.0,51.0,314.0,-4.0,-3.0,1.0,-20.0,-14.0,-8.0,-4.0,-11.0,-2.0,5.0,-3.0,-2.0,-11.0,3.0,188.0,Ryo Hisatsune,51287,802.0,120.0,124.0,62.0,75.0,50.0,62.0,120.0,43.0,93.0,47.0,64.0,12.0,55.0,95.0,-0.26,93.0,0.211,0.205,0.015,60.418,2324.75,33972.0,115.0,62.0,62.0,10.761,10.474,0.758,-7.604,-7.604,-7.604,14.39,21.992,4329.0,4329.0
1044.0,312.0,64.48%,56.33%,68.20%,"7' 10""",-0.172,293.7,-0.506,70.24,71.504,-0.172,-0.013,-0.235,-0.334,-0.086,521.0,712.0,49.0,49.0,49.0,49.0,49.0,49.0,49.0,332.0,-16.0,0.0,-6.0,-6.0,-11.0,-6.0,-16.0,19.0,-4.0,12.0,0.0,-8.0,5.0,-3.0,187.0,Nico Echavarria,51349,808.0,126.0,132.0,40.0,149.0,98.0,142.0,126.0,98.0,149.0,120.0,129.0,40.0,139.0,117.0,-0.29,149.0,-0.235,-0.013,-0.086,78.248,2454.333,34066.0,116.0,62.0,62.0,-11.506,-0.646,-4.233,-8.416,-8.416,-8.416,-24.8,-16.387,4355.0,4355.0
630.0,182.0,61.98%,58.88%,66.03%,"8' 3""",-0.456,304.9,-0.765,70.18,71.391,-0.456,-0.17,-0.57,-0.309,0.431,300.0,416.0,26.0,26.0,26.0,26.0,26.0,26.0,26.0,214.0,-4.0,-4.0,3.0,-3.0,-6.0,-2.0,-4.0,-3.0,-3.0,-3.0,-1.0,-12.0,-2.0,0.0,126.0,Jimmy Stanger,51600,484.0,162.0,46.0,71.0,162.0,85.0,130.0,162.0,137.0,108.0,152.0,170.0,94.0,137.0,17.0,-0.28,108.0,-0.57,-0.17,0.431,47.247,1504.583,21035.0,69.0,39.0,39.0,-14.826,-4.416,11.2,-11.866,-11.866,-11.866,-19.893,-8.029,2737.0,2737.0
1206.0,383.0,60.06%,61.42%,68.41%,"8' 2""",0.421,303.2,1.131,69.7,70.189,0.421,-0.082,0.391,0.71,0.401,561.0,825.0,61.0,61.0,61.0,61.0,61.0,61.0,61.0,381.0,5.0,-2.0,-1.0,0.0,15.0,4.0,5.0,3.0,-2.0,1.0,2.0,-1.0,4.0,3.0,234.0,Sahith Theegala,51634,934.0,25.0,55.0,104.0,11.0,32.0,14.0,25.0,118.0,64.0,148.0,28.0,37.0,23.0,23.0,-0.31,64.0,0.391,-0.082,0.401,32.692,3131.75,40626.0,134.0,67.0,67.0,23.835,-5.013,24.448,25.687,25.687,25.687,68.97,43.284,4670.0,4670.0
864.0,247.0,60.84%,59.19%,68.52%,"7' 7""",-0.444,309.4,0.205,69.96,70.993,-0.444,-0.131,0.126,0.649,0.655,404.0,592.0,39.0,39.0,39.0,39.0,39.0,39.0,39.0,272.0,3.0,3.0,-7.0,38.0,30.0,15.0,3.0,26.0,41.0,40.0,8.0,-3.0,20.0,-2.0,161.0,Rico Hoey,51696,664.0,158.0,21.0,85.0,82.0,60.0,85.0,158.0,129.0,105.0,83.0,78.0,34.0,30.0,9.0,-0.31,105.0,0.126,-0.131,0.655,52.636,1864.333,29700.0,96.0,51.0,51.0,4.902,-5.115,25.541,-17.327,-17.327,-17.327,8.004,25.329,3568.0,3568.0
918.0,305.0,53.94%,57.74%,66.23%,"7' 8""",0.512,313.3,1.12,69.38,70.264,0.512,0.054,0.167,0.608,0.387,383.0,608.0,48.0,48.0,48.0,48.0,48.0,48.0,48.0,310.0,10.0,-1.0,-13.0,0.0,6.0,8.0,10.0,7.0,11.0,-16.0,-6.0,12.0,-2.0,-5.0,179.0,Wyndham Clark,51766,710.0,16.0,6.0,161.0,12.0,12.0,19.0,16.0,78.0,128.0,97.0,72.0,87.0,37.0,26.0,-0.38,128.0,0.167,0.054,0.387,48.496,2337.0,31954.0,102.0,55.0,55.0,8.02,2.611,18.555,24.577,24.577,24.577,53.777,29.201,3816.0,3816.0
936.0,295.0,64.80%,63.51%,69.55%,"8' 1""",-0.621,292.2,-0.163,70.11,70.904,-0.621,0.085,0.549,0.458,-0.177,464.0,651.0,47.0,47.0,47.0,47.0,47.0,47.0,47.0,285.0,-11.0,-3.0,-4.0,-14.0,-15.0,-22.0,-11.0,2.0,-6.0,3.0,5.0,0.0,-11.0,-11.0,181.0,Greyson Sigg,51890,716.0,171.0,146.0,37.0,124.0,77.0,80.0,171.0,71.0,31.0,142.0,12.0,15.0,54.0,131.0,-0.21,31.0,0.549,0.085,-0.177,44.632,2374.417,30387.0,104.0,56.0,56.0,25.821,3.996,-8.304,-29.182,-29.182,-29.182,-7.668,21.512,3926.0,3926.0
756.0,238.0,51.38%,61.29%,63.10%,"8' 0""",0.135,302.8,-0.586,70.22,71.482,0.135,0.2,-0.352,-0.721,-0.569,298.0,477.0,33.0,33.0,33.0,33.0,33.0,33.0,33.0,279.0,-20.0,0.0,-1.0,-5.0,-13.0,-9.0,-20.0,13.0,-7.0,7.0,2.0,-2.0,-1.0,-4.0,171.0,Vince Whaley,51894,580.0,70.0,57.0,171.0,153.0,96.0,139.0,70.0,46.0,66.0,138.0,145.0,153.0,158.0,170.0,-0.3,66.0,-0.352,0.2,-0.569,58.191,1901.5,25134.0,83.0,46.0,46.0,-11.611,6.603,-18.785,4.447,4.447,4.447,-19.343,-23.792,3230.0,3230.0
954.0,284.0,57.48%,60.00%,66.46%,"8' 6""",0.338,310.0,0.432,69.7,70.533,0.338,-0.045,0.02,0.094,0.119,419.0,634.0,44.0,44.0,44.0,44.0,44.0,44.0,44.0,320.0,8.0,0.0,-8.0,13.0,14.0,13.0,8.0,8.0,9.0,2.0,6.0,5.0,7.0,-7.0,192.0,Max Greyserman,51977,729.0,33.0,14.0,127.0,56.0,32.0,37.0,33.0,107.0,90.0,161.0,98.0,80.0,90.0,77.0,-0.3,90.0,0.02,-0.045,0.119,47.363,2417.75,32545.0,105.0,57.0,57.0,0.892,-1.994,5.234,14.861,14.861,14.861,18.996,4.134,3973.0,3973.0
1008.0,322.0,57.29%,62.78%,69.35%,"6' 10""",0.175,299.6,0.824,69.41,70.412,0.175,0.154,0.382,0.649,0.113,440.0,699.0,55.0,55.0,55.0,55.0,55.0,55.0,55.0,309.0,-3.0,-7.0,-8.0,-5.0,-8.0,-9.0,-3.0,-9.0,-8.0,-2.0,-2.0,-7.0,-10.0,-13.0,194.0,Andrew Novak,51997,768.0,60.0,89.0,133.0,23.0,16.0,29.0,60.0,53.0,42.0,13.0,29.0,18.0,30.0,79.0,-0.31,42.0,0.382,0.154,0.113,59.303,2190.917,33552.0,112.0,59.0,59.0,21.022,8.467,6.204,9.616,9.616,9.616,45.31,35.693,4095.0,4095.0
1008.0,345.0,57.53%,64.42%,67.66%,"7' 1""",0.268,303.4,0.777,69.27,70.261,0.268,0.164,0.009,0.509,0.336,443.0,682.0,51.0,51.0,51.0,51.0,51.0,51.0,51.0,326.0,3.0,-2.0,6.0,14.0,9.0,19.0,3.0,1.0,3.0,9.0,13.0,7.0,15.0,5.0,210.0,Robert MacIntyre,52215,770.0,51.0,52.0,125.0,29.0,7.0,18.0,51.0,52.0,24.0,31.0,103.0,50.0,45.0,36.0,-0.3,24.0,0.009,0.164,0.336,58.408,2434.5,33976.0,112.0,59.0,59.0,0.468,8.339,17.146,13.654,13.654,13.654,39.606,25.952,4087.0,4087.0
612.0,206.0,55.39%,56.25%,66.01%,"9' 3""",0.314,319.9,-0.429,70.68,71.702,0.314,-0.58,-1.046,-0.743,0.883,257.0,404.0,31.0,31.0,31.0,31.0,31.0,31.0,31.0,208.0,0.0,0.0,0.0,0.0,0.0,0.0,0.0,0.0,0.0,0.0,0.0,0.0,0.0,0.0,117.0,Cameron Champ,52372,464.0,41.0,1.0,148.0,145.0,149.0,155.0,41.0,175.0,150.0,174.0,177.0,95.0,161.0,3.0,-0.28,150.0,-1.046,-0.58,0.883,37.983,1903.0,21756.0,68.0,37.0,37.0,-32.411,-17.99,27.36,9.73,9.73,9.73,-13.307,-23.039,2615.0,2615.0
954.0,267.0,62.09%,56.97%,66.14%,"7' 8""",-0.016,295.4,-0.28,70.45,71.409,-0.016,0.129,-0.031,-0.263,-0.362,457.0,631.0,44.0,44.0,44.0,44.0,44.0,44.0,44.0,323.0,21.0,-3.0,-8.0,17.0,19.0,9.0,21.0,4.0,16.0,17.0,16.0,-7.0,8.0,-7.0,184.0,Brandon Wu,52374,736.0,103.0,124.0,69.0,133.0,122.0,133.0,103.0,62.0,141.0,97.0,109.0,92.0,133.0,155.0,-0.29,141.0,-0.031,0.129,-0.362,53.908,2047.583,31022.0,105.0,56.0,56.0,-1.354,5.676,-15.911,-0.713,-0.713,-0.713,-12.301,-11.59,3945.0,3945.0
954.0,283.0,68.77%,63.23%,69.50%,"7' 6""",-0.174,291.1,0.727,69.64,70.492,-0.174,-0.01,0.585,0.902,0.327,502.0,663.0,48.0,48.0,48.0,48.0,48.0,48.0,48.0,291.0,-8.0,-2.0,-2.0,-3.0,1.0,0.0,-8.0,-1.0,-1.0,-5.0,3.0,1.0,-2.0,-1.0,184.0,Doug Ghim,52375,730.0,127.0,151.0,12.0,33.0,26.0,35.0,127.0,97.0,37.0,76.0,9.0,16.0,17.0,41.0,-0.27,37.0,0.585,-0.01,0.327,47.571,2124.667,30860.0,106.0,56.0,56.0,28.062,-0.492,15.7,-8.369,-8.369,-8.369,34.917,43.284,3900.0,3900.0
918.0,260.0,53.68%,56.19%,65.69%,"9' 0""",-0.302,309.9,-0.156,71.08,71.331,-0.302,-0.368,0.354,0.146,0.159,379.0,603.0,43.0,43.0,43.0,43.0,43.0,43.0,43.0,315.0,-11.0,1.0,-5.0,4.0,3.0,18.0,-11.0,-7.0,2.0,-2.0,27.0,21.0,14.0,6.0,177.0,Nicolai Højgaard,52453,706.0,145.0,17.0,162.0,123.0,164.0,120.0,145.0,164.0,152.0,172.0,36.0,105.0,85.0,67.0,-0.27,152.0,0.354,-0.368,0.159,12.896,2339.083,31610.0,102.0,51.0,51.0,15.241,-15.819,6.84,-12.983,-12.983,-12.983,-6.72,6.263,3625.0,3625.0
936.0,287.0,68.94%,58.14%,67.84%,"7' 9""",0.127,294.9,0.332,69.75,70.802,0.127,-0.268,0.169,0.206,0.305,495.0,635.0,49.0,49.0,49.0,49.0,49.0,49.0,49.0,301.0,-4.0,2.0,0.0,-16.0,-11.0,-17.0,-4.0,-12.0,-8.0,5.0,-2.0,-6.0,-9.0,-4.0,175.0,Carson Young,52513,718.0,71.0,127.0,11.0,65.0,40.0,64.0,71.0,155.0,117.0,109.0,69.0,46.0,74.0,43.0,-0.29,117.0,0.169,-0.268,0.305,58.902,2214.167,30673.0,104.0,56.0,56.0,8.265,-13.113,14.926,6.2,6.2,6.2,16.279,10.077,3906.0,3906.0
666.0,191.0,60.20%,58.33%,63.96%,"7' 7""",0.122,300.4,-0.213,70.1,71.348,0.122,-0.105,-0.368,-0.335,0.139,307.0,426.0,30.0,30.0,30.0,30.0,30.0,30.0,30.0,240.0,-8.0,7.0,4.0,-3.0,-4.0,-6.0,-8.0,9.0,4.0,31.0,-2.0,-10.0,0.0,-1.0,140.0,Trace Crowe,52514,510.0,72.0,78.0,102.0,127.0,76.0,122.0,72.0,123.0,112.0,83.0,146.0,140.0,140.0,73.0,-0.33,112.0,-0.368,-0.105,0.139,49.938,1448.917,21930.0,73.0,40.0,40.0,-11.047,-3.163,4.157,3.672,3.672,3.672,-6.38,-10.053,2804.0,2804.0
828.0,268.0,63.25%,57.51%,67.03%,"7' 11""",-0.007,298.7,0.15,70.2,71.094,-0.007,-0.136,0.13,0.157,0.163,401.0,555.0,45.0,45.0,45.0,45.0,45.0,45.0,45.0,273.0,-21.0,-1.0,0.0,-1.0,0.0,0.0,-21.0,11.0,-8.0,3.0,-1.0,-5.0,3.0,-6.0,157.0,Sami Valimaki,52666,634.0,100.0,94.0,54.0,87.0,90.0,96.0,100.0,131.0,134.0,129.0,77.0,59.0,84.0,64.0,-0.3,134.0,0.13,-0.136,0.163,43.612,2112.917,27482.0,92.0,49.0,49.0,5.872,-6.141,7.341,-0.337,-0.337,-0.337,6.748,7.084,3440.0,3440.0
1026.0,300.0,63.03%,65.29%,69.40%,"7' 8""",0.164,308.2,1.312,69.28,69.838,0.164,0.023,0.601,1.148,0.523,503.0,712.0,51.0,51.0,51.0,51.0,51.0,51.0,51.0,314.0,9.0,-3.0,0.0,2.0,4.0,1.0,9.0,-1.0,0.0,7.0,1.0,5.0,1.0,0.0,205.0,Ludvig Åberg,52955,798.0,64.0,27.0,57.0,6.0,8.0,6.0,64.0,88.0,14.0,97.0,8.0,17.0,11.0,14.0,-0.32,14.0,0.601,0.023,0.523,31.748,2293.5,35135.0,114.0,57.0,57.0,30.648,1.192,26.686,8.37,8.37,8.37,66.91,58.541,3949.0,3949.0
918.0,273.0,54.82%,57.99%,65.25%,"8' 5""",0.194,308.2,-0.569,70.48,71.664,0.194,-0.156,-0.41,-0.763,-0.198,387.0,599.0,44.0,44.0,44.0,44.0,44.0,44.0,44.0,319.0,1.0,3.0,4.0,0.0,-8.0,-6.0,1.0,-10.0,5.0,-2.0,-5.0,-3.0,-6.0,2.0,185.0,Garrick Higgo,54421,706.0,55.0,27.0,152.0,152.0,126.0,153.0,55.0,136.0,119.0,157.0,159.0,117.0,162.0,134.0,-0.3,119.0,-0.41,-0.156,-0.198,63.834,2291.75,31436.0,102.0,54.0,54.0,-18.027,-6.857,-8.709,8.535,8.535,8.535,-25.057,-33.593,3806.0,3806.0
684.0,183.0,60.65%,65.02%,70.32%,"8' 8""",-0.001,307.9,-0.001,70.12,71.386,-0.001,-0.374,-0.328,0.0,0.702,319.0,481.0,29.0,29.0,29.0,29.0,29.0,29.0,29.0,203.0,38.0,3.0,-3.0,28.0,33.0,13.0,38.0,-2.0,13.0,-2.0,-8.0,2.0,6.0,5.0,132.0,Patrick Fishburn,54576,526.0,99.0,30.0,89.0,106.0,79.0,129.0,99.0,165.0,19.0,165.0,142.0,10.0,98.0,6.0,-0.25,19.0,-0.328,-0.374,0.702,51.838,1588.167,23398.0,76.0,41.0,41.0,-9.519,-10.853,20.36,-0.025,-0.025,-0.025,-0.035,-0.011,2875.0,2875.0
1332.0,402.0,56.15%,65.50%,67.79%,"7' 2""",0.322,295.2,0.648,69.17,70.327,0.322,0.209,0.243,0.327,-0.125,575.0,903.0,64.0,64.0,64.0,64.0,64.0,64.0,64.0,429.0,-10.0,-3.0,-1.0,-1.0,0.0,-1.0,-10.0,1.0,0.0,0.0,7.0,3.0,8.0,7.0,281.0,Ben Griffin,54591,1024.0,38.0,126.0,143.0,38.0,6.0,23.0,38.0,42.0,11.0,40.0,60.0,48.0,63.0,120.0,-0.31,11.0,0.243,0.209,-0.125,90.534,2870.417,43692.0,148.0,78.0,78.0,15.548,13.346,-7.993,20.584,20.584,20.584,41.486,20.902,5395.0,5395.0
1206.0,409.0,64.99%,61.81%,65.26%,"8' 2""",-0.101,294.4,-0.146,70.56,71.439,-0.101,-0.153,0.322,-0.045,-0.215,607.0,787.0,63.0,63.0,63.0,63.0,63.0,63.0,63.0,419.0,3.0,2.0,-2.0,0.0,8.0,9.0,3.0,3.0,16.0,1.0,-9.0,9.0,7.0,0.0,259.0,Lee Hodges,54628,934.0,115.0,129.0,33.0,122.0,135.0,136.0,115.0,134.0,54.0,148.0,45.0,115.0,103.0,137.0,-0.26,54.0,0.322,-0.153,-0.215,61.729,3326.25,39450.0,134.0,70.0,70.0,20.303,-9.634,-13.531,-6.366,-6.366,-6.366,-9.214,-2.847,4939.0,4939.0
972.0,325.0,58.74%,60.94%,67.08%,"7' 0""",0.18,293.1,0.448,69.91,70.899,0.18,0.137,0.429,0.268,-0.298,437.0,652.0,53.0,53.0,53.0,53.0,53.0,53.0,53.0,320.0,1.0,1.0,-2.0,2.0,5.0,-2.0,1.0,7.0,7.0,16.0,1.0,8.0,6.0,1.0,195.0,Dylan Wu,54783,744.0,59.0,140.0,116.0,54.0,55.0,79.0,59.0,59.0,74.0,24.0,25.0,55.0,68.0,145.0,-0.31,74.0,0.429,0.137,-0.298,56.265,2287.583,31654.0,108.0,57.0,57.0,22.728,7.264,-15.787,9.537,9.537,9.537,23.759,14.22,3985.0,3985.0
1278.0,428.0,66.20%,58.92%,66.67%,"7' 5""",0.004,297.8,0.471,69.95,70.623,0.004,0.08,0.213,0.467,0.173,658.0,852.0,66.0,66.0,66.0,66.0,66.0,66.0,66.0,426.0,-5.0,3.0,2.0,9.0,12.0,11.0,-5.0,2.0,0.0,-16.0,10.0,9.0,7.0,11.0,251.0,Tom Kim,55182,994.0,98.0,103.0,22.0,50.0,59.0,47.0,98.0,72.0,106.0,68.0,63.0,72.0,50.0,60.0,-0.31,106.0,0.213,0.08,0.173,50.114,3162.167,42294.0,142.0,74.0,74.0,14.047,5.308,11.437,0.283,0.283,0.283,31.075,30.794,5176.0,5176.0
792.0,285.0,58.42%,60.61%,62.50%,"7' 5""",-0.774,309.9,-0.586,71.0,71.952,-0.774,-0.008,-0.169,0.188,0.365,354.0,495.0,41.0,41.0,41.0,41.0,41.0,41.0,41.0,297.0,-2.0,4.0,5.0,-11.0,-3.0,-5.0,-2.0,-14.0,-8.0,3.0,-11.0,-1.0,-13.0,6.0,180.0,Carl Yuan,55454,606.0,176.0,17.0,118.0,153.0,161.0,162.0,176.0,96.0,79.0,68.0,124.0,161.0,80.0,28.0,-0.26,79.0,-0.169,-0.008,0.365,44.75,2111.167,27270.0,88.0,47.0,47.0,-6.927,-0.334,14.956,-31.738,-31.738,-31.738,-24.04,7.695,3337.0,3337.0
918.0,292.0,65.11%,60.06%,65.90%,"7' 5""",0.035,296.7,-0.336,70.63,71.719,0.035,-0.092,-0.388,-0.371,0.109,461.0,605.0,47.0,47.0,47.0,47.0,47.0,47.0,47.0,313.0,12.0,1.0,-5.0,-5.0,-2.0,-4.0,12.0,-6.0,1.0,13.0,-5.0,3.0,-14.0,-15.0,188.0,Hayden Buckley,55708,708.0,92.0,116.0,30.0,138.0,141.0,157.0,92.0,121.0,88.0,68.0,154.0,100.0,143.0,80.0,-0.26,88.0,-0.388,-0.092,0.109,58.839,2170.417,30259.0,102.0,54.0,54.0,-18.222,-4.337,5.104,1.656,1.656,1.656,-15.797,-17.454,3814.0,3814.0
702.0,263.0,47.03%,64.03%,60.40%,"7' 3""",0.842,291.5,-0.253,70.33,71.415,0.842,0.193,-0.38,-1.095,-0.907,253.0,424.0,37.0,37.0,37.0,37.0,37.0,37.0,37.0,278.0,0.0,-6.0,-3.0,-23.0,-13.0,-12.0,0.0,-19.0,-21.0,-28.0,-7.0,-3.0,-2.0,-4.0,178.0,Taylor Montgomery,55789,538.0,1.0,149.0,177.0,132.0,107.0,134.0,1.0,48.0,29.0,47.0,152.0,175.0,168.0,175.0,-0.31,29.0,-0.38,0.193,-0.907,46.824,1907.0,22735.0,78.0,43.0,43.0,-14.07,7.128,-33.576,31.161,31.161,31.161,-9.343,-40.504,3024.0,3024.0
1152.0,340.0,57.48%,64.35%,68.84%,"7' 1""",0.3,307.1,0.539,69.57,70.624,0.3,0.165,-0.328,0.239,0.403,507.0,793.0,55.0,55.0,55.0,55.0,55.0,55.0,55.0,359.0,-11.0,-4.0,1.0,1.0,2.0,0.0,-11.0,3.0,5.0,-1.0,1.0,-1.0,3.0,2.0,231.0,Sam Stevens,55893,882.0,44.0,32.0,127.0,43.0,22.0,48.0,44.0,51.0,25.0,31.0,142.0,29.0,69.0,21.0,-0.28,25.0,-0.328,0.165,0.403,71.445,2398.417,39308.0,128.0,68.0,68.0,-18.063,9.064,22.165,16.484,16.484,16.484,29.651,13.166,4731.0,4731.0
1188.0,389.0,65.11%,61.90%,66.41%,"7' 6""",0.382,298.7,1.141,69.72,70.162,0.382,-0.063,0.494,0.759,0.328,599.0,789.0,61.0,61.0,61.0,61.0,61.0,61.0,61.0,399.0,2.0,-4.0,6.0,0.0,-6.0,-1.0,2.0,-3.0,0.0,-5.0,1.0,-12.0,1.0,-4.0,247.0,Akshay Bhatia,56630,920.0,27.0,94.0,30.0,10.0,37.0,12.0,27.0,113.0,53.0,76.0,17.0,82.0,20.0,40.0,-0.31,53.0,0.494,-0.063,0.328,30.207,2916.333,39432.0,132.0,69.0,69.0,30.118,-3.847,20.019,23.314,23.314,23.314,69.605,46.289,4811.0,4811.0
1080.0,370.0,68.11%,54.74%,64.81%,"8' 7""",-0.288,298.1,0.299,70.48,70.878,-0.288,-0.211,0.473,0.587,0.343,568.0,700.0,57.0,57.0,57.0,57.0,57.0,57.0,57.0,380.0,-2.0,-1.0,0.0,1.0,-5.0,0.0,-2.0,-10.0,-3.0,-1.0,2.0,-7.0,-1.0,3.0,208.0,Austin Eckroat,57362,834.0,143.0,101.0,14.0,71.0,126.0,78.0,143.0,144.0,162.0,162.0,18.0,125.0,40.0,34.0,-0.3,162.0,0.473,-0.211,0.343,25.203,3161.25,35768.0,120.0,64.0,64.0,26.943,-12.024,19.527,-16.44,-16.44,-16.44,17.018,33.459,4511.0,4511.0
1170.0,390.0,60.66%,57.99%,66.84%,"7' 11""",-0.224,306.5,0.428,70.31,70.826,-0.224,-0.063,0.288,0.652,0.427,552.0,782.0,60.0,60.0,60.0,60.0,60.0,60.0,60.0,388.0,-7.0,-3.0,2.0,-5.0,-5.0,-2.0,-7.0,-3.0,-1.0,-6.0,-3.0,-6.0,3.0,-1.0,225.0,Cameron Young,57366,910.0,135.0,34.0,88.0,57.0,103.0,68.0,135.0,113.0,119.0,129.0,52.0,65.0,29.0,19.0,-0.31,119.0,0.288,-0.063,0.427,33.713,3071.833,39848.0,130.0,65.0,65.0,17.255,-3.8,25.646,-13.459,-13.459,-13.459,25.654,39.115,4570.0,4570.0
954.0,329.0,60.99%,63.35%,63.10%,"6' 11""",0.3,293.7,0.339,69.68,70.646,0.3,-0.021,0.293,0.038,-0.234,444.0,602.0,50.0,50.0,50.0,50.0,50.0,50.0,50.0,352.0,-4.0,-4.0,10.0,1.0,0.0,-4.0,-4.0,-7.0,9.0,-6.0,-12.0,-3.0,-4.0,3.0,223.0,Chandler Phillips,57900,728.0,44.0,132.0,83.0,64.0,30.0,50.0,44.0,100.0,32.0,20.0,50.0,153.0,94.0,140.0,-0.32,32.0,0.293,-0.021,-0.234,54.798,2264.75,31134.0,106.0,57.0,57.0,14.644,-1.032,-11.697,15.022,15.022,15.022,16.938,1.916,3972.0,3972.0
1044.0,355.0,54.88%,62.50%,65.52%,"6' 4""",0.089,298.3,0.453,69.66,70.749,0.089,0.421,0.161,0.364,-0.218,439.0,684.0,53.0,53.0,53.0,53.0,53.0,53.0,53.0,360.0,5.0,11.0,-7.0,28.0,18.0,15.0,5.0,9.0,9.0,1.0,22.0,4.0,18.0,-8.0,225.0,Harry Hall,57975,800.0,79.0,97.0,151.0,53.0,27.0,58.0,79.0,7.0,46.0,1.0,74.0,109.0,60.0,138.0,-0.32,46.0,0.161,0.421,-0.218,66.679,2248.667,34599.0,116.0,61.0,61.0,8.558,22.294,-11.558,4.703,4.703,4.703,23.998,19.294,4249.0,4249.0
1188.0,401.0,61.10%,61.10%,69.28%,"7' 1""",0.148,304.4,1.193,69.14,69.831,0.148,0.49,0.335,1.045,0.22,556.0,823.0,61.0,61.0,61.0,61.0,61.0,61.0,61.0,365.0,-7.0,-3.0,6.0,-2.0,-1.0,-1.0,-7.0,2.0,9.0,9.0,-17.0,-3.0,0.0,3.0,223.0,Davis Thompson,58168,910.0,68.0,48.0,82.0,9.0,5.0,5.0,68.0,3.0,70.0,31.0,41.0,19.0,13.0,54.0,-0.31,70.0,0.335,0.49,0.22,48.183,2845.75,40180.0,132.0,70.0,70.0,20.441,29.868,13.442,9.021,9.021,9.021,72.773,63.752,4840.0,4840.0
918.0,304.0,49.22%,60.00%,66.23%,"7' 6""",-0.027,313.3,-0.114,70.31,71.308,-0.027,0.219,-0.465,-0.088,0.158,346.0,608.0,46.0,46.0,46.0,46.0,46.0,46.0,46.0,310.0,-23.0,0.0,-3.0,-12.0,-11.0,-4.0,-23.0,-3.0,-10.0,5.0,-2.0,-10.0,-3.0,-6.0,186.0,Chris Gotterup,59095,703.0,104.0,6.0,176.0,118.0,103.0,117.0,104.0,40.0,90.0,76.0,165.0,87.0,110.0,68.0,-0.28,90.0,-0.465,0.219,0.158,53.625,2280.0,31956.0,102.0,54.0,54.0,-21.4,10.089,7.283,-1.235,-1.235,-1.235,-5.262,-4.027,3797.0,3797.0
900.0,272.0,60.69%,62.33%,67.56%,"7' 1""",-0.011,301.6,0.731,69.66,70.554,-0.011,0.326,0.299,0.741,0.116,420.0,608.0,43.0,43.0,43.0,43.0,43.0,43.0,43.0,292.0,-6.0,6.0,21.0,6.0,16.0,-1.0,-6.0,4.0,8.0,21.0,2.0,4.0,16.0,7.0,182.0,Mac Meissner,59143,692.0,102.0,69.0,87.0,32.0,27.0,40.0,102.0,18.0,49.0,31.0,49.0,51.0,21.0,78.0,-0.3,49.0,0.299,0.326,0.116,47.351,1924.75,30157.0,100.0,53.0,53.0,12.847,14.036,4.998,-0.455,-0.455,-0.455,31.429,31.884,3692.0,3692.0
900.0,290.0,53.19%,62.70%,65.44%,"7' 7""",-0.154,303.9,-0.22,70.32,71.263,-0.154,-0.073,0.157,-0.066,-0.15,367.0,589.0,43.0,43.0,43.0,43.0,43.0,43.0,43.0,311.0,-10.0,0.0,-1.0,-16.0,-16.0,-22.0,-10.0,7.0,-2.0,11.0,-17.0,-4.0,-3.0,0.0,195.0,Parker Coody,59442,690.0,123.0,50.0,165.0,129.0,105.0,115.0,123.0,116.0,44.0,83.0,75.0,114.0,104.0,126.0,-0.26,44.0,0.157,-0.073,-0.15,49.947,2203.75,30089.0,99.0,53.0,53.0,6.769,-3.158,-6.458,-6.614,-6.614,-6.614,-9.457,-2.845,3727.0,3727.0
900.0,268.0,55.76%,58.33%,66.67%,"8' 1""",0.686,310.4,0.117,69.98,71.158,0.686,-0.211,-0.418,-0.569,0.06,387.0,600.0,41.0,41.0,41.0,41.0,41.0,41.0,41.0,300.0,7.0,7.0,0.0,31.0,31.0,16.0,7.0,16.0,35.0,13.0,0.0,-17.0,6.0,11.0,175.0,Pierceson Coody,59836,694.0,3.0,13.0,146.0,92.0,61.0,103.0,3.0,144.0,112.0,142.0,161.0,72.0,152.0,89.0,-0.33,112.0,-0.418,-0.211,0.06,62.357,2156.417,30727.0,99.0,53.0,53.0,-17.157,-8.633,2.445,28.137,28.137,28.137,4.794,-23.343,3709.0,3709.0
918.0,341.0,56.62%,53.22%,62.75%,"8' 0""",0.061,305.1,-0.333,70.64,71.339,0.061,-0.184,0.048,-0.393,-0.257,402.0,576.0,48.0,48.0,48.0,48.0,48.0,48.0,48.0,342.0,-5.0,-2.0,-1.0,-2.0,-11.0,-1.0,-5.0,-1.0,-6.0,-6.0,-2.0,-3.0,-3.0,-2.0,182.0,Nick Dunlap,59866,710.0,85.0,43.0,141.0,137.0,143.0,121.0,85.0,140.0,172.0,138.0,91.0,156.0,146.0,143.0,-0.33,172.0,0.048,-0.184,-0.257,38.643,2718.917,31125.0,102.0,55.0,55.0,2.299,-8.834,-12.351,2.924,2.924,2.924,-15.962,-18.885,3885.0,3885.0
828.0,219.0,57.39%,63.12%,65.94%,"6' 7""",0.487,297.4,0.352,69.62,70.817,0.487,0.129,0.173,-0.135,-0.436,365.0,546.0,37.0,37.0,37.0,37.0,37.0,37.0,37.0,282.0,2.0,2.0,4.0,-6.0,-1.0,-9.0,2.0,-12.0,-5.0,0.0,4.0,5.0,-6.0,-2.0,178.0,Jacob Bridgeman,60004,636.0,19.0,108.0,131.0,63.0,23.0,66.0,19.0,62.0,40.0,5.0,68.0,97.0,114.0,160.0,-0.32,40.0,0.173,0.129,-0.436,59.828,1440.5,27363.0,92.0,50.0,50.0,6.387,4.773,-16.149,18.021,18.021,18.021,13.034,-4.987,3481.0,3481.0
720.0,220.0,58.33%,56.15%,66.11%,"7' 7""",-0.626,303.1,-0.78,70.55,71.625,-0.626,0.124,-0.166,-0.154,-0.112,322.0,476.0,33.0,33.0,33.0,33.0,33.0,33.0,33.0,244.0,-9.0,4.0,6.0,-4.0,-7.0,-1.0,-9.0,-13.0,-3.0,11.0,4.0,-17.0,5.0,16.0,137.0,Joe Highsmith,60067,552.0,172.0,56.0,119.0,165.0,134.0,149.0,172.0,65.0,153.0,83.0,123.0,93.0,119.0,119.0,-0.3,153.0,-0.166,0.124,-0.112,47.484,1661.833,23943.0,79.0,44.0,44.0,-5.477,4.083,-3.69,-20.669,-20.669,-20.669,-25.749,-5.082,3104.0,3104.0
